label,line,borough,_page,Month,Year,1930,1931,1932,1933,1934,1935,1936,1937,1938,1939
Rapid Transit Lines,,,1,,,,,,,,,,,,1852944457.0
Hudson Tubes,,,1,,,,,,,,,,,,65203882.0
Street Surface Railway Lines,,,1,,,,,,,,,,,,540361037.0
Bus Lines,,,1,,,,,,,,,,,,657707203.0
Grand Total,,,1,,,,,,,,,,,,3116216059.0
Times Square (all entrances),,,2,,,,,,,,,,,43235596.0,43039594.0
Grand Central (all entrances),,,2,,,,,,,,,,,41926197.0,40318242.0
Pennsylvania Station,,,2,,,,,,,,,,,22730680.0,22804203.0
14th Street (Fourth Avenue),,,2,,,,,,,,,,,24421333.0,23802009.0
Fulton Street (Broadway),,,2,,,,,,,,,,,13461037.0,13104173.0
59th Street (Broadway),,,2,,,,,,,,,,,12836221.0,12614299.0
86th Street (Lexington Avenue),,,2,,,,,,,,,,,12006682.0,11562437.0
Utica Avenue (Eastern Parkway Line),,,2,,,,,,,,,,,10815362.0,10856374.0
72nd Street (Broadway),,,2,,,,,,,,,,,10265978.0,10360582.0
Atlantic Avenue (Brooklyn),,,2,,,,,,,,,,,11137352.0,10345654.0
Total,,,2,,,,,,,,,,,212342438.0,208510027.0
"Times Square (Broadway Line, Manhattan)",,,2,,,,,,,,,,,31583887.0,31082181.0
"42nd Street (Broadway Line, Manhattan)",,,2,,,,,,,,,,,25596390.0,25105020.0
"34th Street (Broadway Line, Manhattan)",,,2,,,,,,,,,,,23231742.0,23063596.0
"109th Street (Broadway Line, Manhattan)",,,2,,,,,,,,,,,11896900.0,11749824.0
Stillwell Avenue (Coney Island),,,2,,,,,,,,,,,9808290.0,9958502.0
"49th Street (Broadway Line, Manhattan)",,,2,,,,,,,,,,,9401754.0,9210404.0
"Cortlandt Street (Broadway Line, Manhattan)",,,2,,,,,,,,,,,6137378.0,9034096.0
"23rd Street (Broadway Line, Manhattan)",,,2,,,,,,,,,,,9224595.0,8977022.0
DeKalb Avenue (Fourth Avenue Line),,,2,,,,,,,,,,,8231997.0,8434147.0
"Kings Highway (Brighton Beach Line, Brooklyn)",,,2,,,,,,,,,,,6911727.0,6632917.0
Total,,,2,,,,,,,,,,,145114660.0,143317715.0
Per Cent of Total Traffic on N.Y.R.T. Corp.,,,2,,,,,,,,,,,26.37,26.39
34th Street (Eighth Avenue Line),,,2,,,,,,,,,,,24870185.0,26492152.0
42nd Street (Eighth Avenue Line),,,2,,,,,,,,,,,23663924.0,25263060.0
59th Street (Queens Boulevard Line),,,2,,,,,,,,,,,8598153.0,10901088.0
Chambers Street (Eighth Avenue Line),,,2,,,,,,,,,,,10247620.0,10922808.0
50th Street (Eighth Avenue Line),,,2,,,,,,,,,,,9847660.0,10382781.0
168th Street (Eighth Avenue Line),,,2,,,,,,,,,,,9321146.0,10105688.0
Broadway-Nassau St. (Eighth Avenue Line),,,2,,,,,,,,,,,9464839.0,9781045.0
59th Street (Eighth Avenue Line),,,2,,,,,,,,,,,9208904.0,9448198.0
125th Street (Eighth Avenue Line),,,2,,,,,,,,,,,8355271.0,8777133.0
23rd Street (Eighth Avenue Line),,,2,,,,,,,,,,,7899310.0,8721977.0
Total,,,2,,,,,,,,,,,121276702.0,130855930.0
Per Cent of Total Traffic on City of New York-Independent System,,,2,,,,,,,,,,,34.67,34.11
BROOKLYN STATIONS (see Contract 2),,Brooklyn,3,,,44989005.0,43806827.0,40188889.0,36764018.0,33569515.0,32878943.0,33780110.0,30878880.0,37819085.0,35927147.0
Atlantic Avenue,,Brooklyn,3,,,19795145.0,19083776.0,16714077.0,14864548.0,13629169.0,12874019.0,13017650.0,13390026.0,11137353.0,10948034.0
Nevins Street,,Brooklyn,3,,,8452036.0,8143996.0,5979244.0,5503438.0,5523606.0,5109447.0,5578171.0,6519420.0,8552077.0,8405715.0
Hoyt Street,,Brooklyn,3,,,8590198.0,9086225.0,8637882.0,8817075.0,7803854.0,7669440.0,4879714.0,4352607.0,3926840.0,3708503.0
Borough Hall,,Brooklyn,3,,,149655626.0,140883830.0,134181686.0,184025195.0,153454114.0,180897574.0,183443377.0,181160106.0,116850061.0,112614456.0
South Ferry,,Bronx,3,,,915648.0,970028.0,930809.0,946843.0,3532643.0,5443074.0,5699720.0,900685.0,8589009.0,13104173.0
Bowling Green,,Manhattan,3,,,7975678.0,7839163.0,6791551.0,9300718.0,9429080.0,12855838.0,33261877.0,13087976.0,13461037.0,290894.0
Wall Street & Broadway,,Manhattan,3,,,13532881.0,11266006.0,8777675.0,13506459.0,13541505.0,912063.0,307632.0,,9733541.0,
Fulton Street & Broadway,,Manhattan,3,,,17154055.0,16450867.0,14922649.0,340635.0,328446.0,,11900900.0,10808850.0,,9493661.0
City Hall,,Manhattan,3,,,606101.0,452509.0,,,11949518.0,,3259828.0,2605123.0,3465887.0,3581879.0
Brooklyn Bridge,,Brooklyn,3,,,13084884.0,15830903.0,13876275.0,32679422.0,,11977403.0,4016518.0,3123787.0,2795583.0,2722080.0
Worth Street,,Brooklyn,3,,,1764827.0,2188563.0,2303736.0,2053933.0,4107884.0,4060897.0,,,,2801629.0
Canal Street,,Bronx,3,,,4805783.0,4638538.0,3804892.0,2686673.0,3651051.0,3344966.0,3242723.0,3058849.0,6311001.0,6186005.0
Spring Street,,Brooklyn,3,,,3888930.0,3929640.0,,3544498.0,4152226.0,,4261869.0,4428932.0,,
Bleecker Street,,Brooklyn,3,,,4175897.0,3981365.0,3641105.0,6072633.0,6076085.0,8895692.0,,25880395.0,24421833.0,22802069.0
Astor Place,,Brooklyn,3,,,6799985.0,6643406.0,,37025854.0,36925037.0,26500319.0,38175165.0,2426446.0,2730223.0,2263499.0
14th Street,,Bronx,3,,,38243281.0,37701337.0,38067676.0,,36092627.0,34348814.0,3806976.0,3163790.0,8014305.0,7916148.0
18th Street,,Bronx,3,,,2776809.0,2579105.0,2449858.0,8549458.0,5283197.0,4240202.0,7155088.0,7014130.0,6767571.0,6537408.0
23rd Street,,Brooklyn,3,,,8975775.0,9102011.0,8132360.0,6925675.0,7022183.0,7093821.0,7993864.0,8117787.0,,
28th Street,,Bronx,3,,,5453090.0,5130198.0,7491976.0,7844424.0,7382983.0,7781567.0,9145813.0,10763499.0,10764438.0,10296893.0
33rd Street,,Bronx,3,,,9155999.0,9049289.0,8395887.0,10378400.0,10554058.0,10058261.0,,17667443.0,17053907.0,17236298.0
Grand Central,,Manhattan,3,,,14592250.0,13690783.0,,77440418.0,77624096.0,,17960841.0,18412655.0,12635221.0,12614299.0
"MANHATTAN, WEST, TIMES SQ. TO 96TH ST.",,Manhattan,3,,,94865469.0,91190702.0,86083056.0,,15731072.0,17653106.0,18082954.0,18991021.0,,
Times Square,,Manhattan,3,,,22188924.0,21159179.0,19174237.0,12597670.0,12419747.0,12710937.0,8329765.0,8848924.0,6855197.0,8785627.0
50th Street,,Manhattan,3,,,15331473.0,14632522.0,13703737.0,12225562.0,,,9890863.0,9832141.0,2730803.0,3735627.0
Columbus Circle (59th Street),,Manhattan,3,,,9868401.0,9403299.0,8947422.0,7560217.0,6049179.0,4001783.0,11081723.0,10725994.0,10266978.0,10360382.0
66th Street,,Manhattan,3,,,5069281.0,4822009.0,4517711.0,4104049.0,11294819.0,11295367.0,6007983.0,6555076.0,5330896.0,8490831.0
72nd Street,,Manhattan,3,,,13065587.0,13771236.0,12318368.0,11275740.0,6025821.0,4070278.0,8720560.0,6451707.0,5347686.0,4089383.0
79th Street,,Manhattan,3,,,6282799.0,6297781.0,6162619.0,6855158.0,5532625.0,6667828.0,3609180.0,3503725.0,3551411.0,4390882.0
86th Street,,Manhattan,3,,,7820919.0,7230448.0,7038450.0,3473781.0,2608100.0,3612040.0,9747865.0,9350220.0,9035764.0,
91st Street,,Manhattan,3,,,3760950.0,3700850.0,3629041.0,9710783.0,8399176.0,,,,,
96th Street,,Manhattan,3,,,7153157.0,11040876.0,10548854.0,,48449176.0,45889305.0,,3553361.0,5207855.0,5827835.0
"MANHATTAN, UPPER B'WAY TO 225TH STREET",,Manhattan,3,,,65018376.0,67888643.0,64407344.0,63245554.0,5335815.0,5499495.0,5020548.0,5014638.0,4800628.0,3956179.0
103rd Street,,Manhattan,3,,,6840873.0,8933590.0,744709.0,5005109.0,4835714.0,5451043.0,4286071.0,4136706.0,3983395.0,3962203.0
Cath. P'kway (110th Street),,Manhattan,3,,,8319294.0,8177342.0,4947229.0,4246839.0,4179297.0,4296778.0,4218644.0,4136706.0,3983395.0,3962203.0
Col. University (116th Street),,Manhattan,3,,,5095365.0,4940265.0,4325251.0,4577920.0,4826567.0,5203562.0,5330675.0,5154845.0,5022041.0,4219329.0
125th Street,,Manhattan,3,,,6810875.0,7109300.0,5762162.0,,,4406055.0,,3645854.0,3526554.0,3533278.0
City College (137th Street),,Manhattan,3,,,5851507.0,8898266.0,5653591.0,4502933.0,4462984.0,,4478483.0,,3889994.0,4152978.0
145th Street (IRT),,Manhattan,3,,,6152052.0,6143996.0,5485043.0,4312547.0,3906018.0,3046236.0,3109881.0,2954472.0,2842882.0,4342809.0
157th Street,,Manhattan,3,,,5638170.0,5676328.0,,4595808.0,3138994.0,4093433.0,4955434.0,4732133.0,4172852.0,3597898.0
168th Street,,Manhattan,3,,,5971850.0,6056434.0,5854453.0,6179861.0,6141105.0,,3365026.0,3731053.0,3627619.0,3606066.0
181st Street,,Manhattan,3,,,8254874.0,7480150.0,8119056.0,2803217.0,3797197.0,3782916.0,3256567.0,3146833.0,,1185178.0
191st Street,,Manhattan,3,,,3747898.0,3829665.0,3228384.0,3097975.0,3664920.0,2255925.0,,,1223467.0,
Dyckman Street,,Manhattan,3,,,4816249.0,4862970.0,4650820.0,1889160.0,1452273.0,1395430.0,,842774.0,237631.0,374702.0
207th Street,,Manhattan,3,,,3018050.0,3141894.0,3792201.0,462218.0,374418.0,372772.0,364863.0,,,987636.0
215th Street,,Manhattan,3,,,,813894.0,748543.0,1056840.0,999443.0,1012704.0,1048170.0,1069300.0,1027183.0,
225th Street,,Manhattan,3,,,1371470.0,1309644.0,1146841.0,,,,,,,
"BRONX, B'WAY, 221ST ST. TO 242ND STREET",,Bronx,3,,,6669197.0,6668195.0,,,2103785.0,3053920.0,6373869.0,6183895.0,5869826.0,5935881.0
231st Street,,Bronx,3,,,,1695640.0,3064659.0,1945286.0,1983868.0,830073.0,3339534.0,3170840.0,3127574.0,
238th Street,,Bronx,3,,,933084.0,937155.0,870619.0,831300.0,825807.0,,,3207854.0,3028322.0,3068143.0
242nd Street (Van Cort. Pk.),,Bronx,3,,,3600649.0,,,,,34818768.0,,33541087.0,32375074.0,
"MANHATTAN, LENOX AVENUE",,Manhattan,3,,,,83196049.0,80190886.0,28081886.0,28091180.0,,,,,
110th Street,,Manhattan,3,,,6792918.0,6440237.0,5807028.0,4886242.0,4900404.0,4089186.0,6066075.0,5922765.0,5587409.0,5358599.0
116th Street,,Manhattan,3,,,7751770.0,7744528.0,7134738.0,5901264.0,5855333.0,6058028.0,5917977.0,5636869.0,5867534.0,5812058.0
125th Street,,Manhattan,3,,,8037608.0,8034880.0,7378978.0,4836170.0,6129265.0,,5359286.0,5350050.0,,
135th Street,,Manhattan,3,,,8602687.0,8345855.0,7693018.0,6764666.0,,4470344.0,1461568.0,1802894.0,1194936.0,1258241.0
145th Street,,Manhattan,3,,,8376979.0,8349980.0,7929123.0,7683019.0,7488563.0,,45018048.0,43011134.0,46435167.0,
"BRONX, UPPER FARMS BR.",,Bronx,3,,,61494657.0,61531829.0,61913819.0,47888994.0,47089478.0,47150703.0,,,,
149th St. Grand Conc'se (Lower Level),,Bronx,3,,,1080502.0,1081808.0,1013418.0,,6882626.0,6501526.0,6758054.0,6848629.0,6721123.0,6619000.0
149th Street & Third Avenue,,Bronx,3,,,7098165.0,7114856.0,6893948.0,6887941.0,8805661.0,8320505.0,7853635.0,8939732.0,7338245.0,7148871.0
Jackson Avenue,,Bronx,3,,,4499853.0,4517622.0,4217255.0,8614240.0,,,2901271.0,7860977.0,7379900.0,
Prospect Avenue,,Bronx,3,,,3105668.0,8191631.0,7817728.0,4382634.0,4182854.0,4244013.0,3002182.0,3263976.0,3171891.0,3123889.0
Intervale Avenue,,Bronx,3,,,,,,,3857771.0,6358182.0,9322263.0,8679870.0,,
Simpson Street,,Bronx,3,,,7691924.0,7700462.0,7879838.0,6876889.0,,,,,8050122.0,8858989.0
Freeman Street,,Bronx,3,,,7289281.0,7171641.0,6885556.0,8069126.0,6217450.0,6251925.0,9995146.0,9324075.0,9183563.0,9064122.0
174th Street,,Bronx,3,,,5699993.0,5671404.0,5493698.0,,3749277.0,3753502.0,3831044.0,,,3466315.0
177th Street,,Bronx,3,,,4643981.0,4464785.0,4199812.0,3821466.0,,,,2701768.0,2522279.0,2442993.0
180th Street (Bronx Park),,Bronx,3,,,3841807.0,3910894.0,3810092.0,3655197.0,2604374.0,,,,,
Total Stations (Contracts 1 and 2),,Bronx,3,,,453129100.0,442110642.0,413903577.0,369727815.0,361255082.0,357517778.0,361310601.0,354494084.0,338483027.0,332725252.0
Miscellaneous ticket sales,,Brooklyn,3,,,287217.0,265140.0,276162.0,268992.0,,193056.0,941711.0,1703601.0,998350.0,733458.0
Total fare collections (Contracts 1 & 2),,Bronx,3,,,453416317.0,442375783.0,414179739.0,369986807.0,361494114.0,357710834.0,362252312.0,356197685.0,339481377.0,333458710.0
SEVENTH AVENUE LINE,,Bronx,3,,,188820999.0,183729280.0,170910415.0,147816455.0,140166808.0,136701800.0,133493114.0,126027192.0,132831660.0,125709854.0
Times Square,,Manhattan,3,,,35915315.0,35783915.0,33654416.0,35743698.0,34052303.0,33941485.0,34646790.0,34047705.0,32736660.0,32804303.0
Pennsylvania Station,,Bronx,3,,,48196796.0,47403448.0,43783019.0,,4618333.0,4409127.0,4330241.0,4534704.0,,
28th Street,,Bronx,3,,,5176072.0,5632658.0,5819613.0,,,,,,5563660.0,
33rd Street,,Bronx,3,,,8018774.0,7752219.0,7193360.0,,3492637.0,3404623.0,2542608.0,2447619.0,3228860.0,3831930.0
18th Street,,Bronx,3,,,4490308.0,4326940.0,4024956.0,,,,,,,
14th Street,,Bronx,3,,,14108843.0,13709850.0,13182647.0,11236893.0,10905783.0,11092098.0,11687581.0,10784360.0,,
"Christopher St., Sheridan Square",,Bronx,3,,,4671551.0,4633997.0,4679118.0,4603680.0,4466397.0,4818017.0,4894929.0,4902232.0,,
Houston Street,,Bronx,3,,,3679451.0,3595804.0,3383680.0,3187840.0,3166458.0,,,,,
Canal Street,,Bronx,3,,,3493059.0,3883820.0,3703964.0,3094090.0,2961548.0,3884296.0,,3984017.0,3407454.0,4186083.0
Franklin Street,,Bronx,3,,,2618609.0,2374436.0,2225125.0,6004910.0,5870213.0,5523457.0,4533488.0,4143558.0,4882082.0,
Chambers Street,,Bronx,3,,,6478303.0,6435880.0,6261503.0,,,9024775.0,8896190.0,,,
Cortlandt Street,,Bronx,3,,,10757492.0,10063791.0,9090268.0,7428421.0,7023625.0,,,1108345.0,2020880.0,2047415.0
Rector Street,,Bronx,3,,,2655979.0,2271914.0,3077184.0,,3220506.0,3384663.0,5514885.0,5697053.0,3727088.0,4018561.0
South Ferry,,Bronx,3,,,,,,3835005.0,2902316.0,2879376.0,5637185.0,,9003887.0,8808220.0
Park Place,,Bronx,3,,,4065586.0,4597997.0,4060683.0,3218279.0,3016234.0,,,9397440.0,,
Fulton & William Streets,,Bronx,3,,,5879753.0,5693190.0,5393590.0,8742371.0,8493197.0,7069942.0,7830757.0,7856648.0,,
Wall & William Streets,,Bronx,3,,,9139069.0,9015784.0,8711647.0,4489093.0,3403406.0,3940100.0,,,,
Clark Street (Brooklyn Heights),,Brooklyn,3,,,4993187.0,4234165.0,3849766.0,4760490.0,4430282.0,3968366.0,3880715.0,3820493.0,3198205.0,3926082.0
Borough Hall,,Brooklyn,3,,,6051935.0,5843543.0,,,,,777.0,311194.0,599356.0,246179.0
Miscellaneous ticket sales,,Brooklyn,3,,,634.0,,2944.0,2138.0,1775.0,1901.0,,,,
LEXINGTON AVE. LINE NET TOTAL,,Manhattan,4,,,804087875.0,804487774.0,198766978.0,188769011.0,278118890.0,278182841.0,278388476.0,278596118.0,167800789.0,183888800.0
"Dr. Adjustment of Joint Traffic, 6th Ave. 'El'",,Manhattan,4,,,7677332.0,9448165.0,8916643.0,2716691.0,1978563.0,181169154.0,281169481.0,181191887.0,89987864.0,91029181.0
Lexington Avenue Line—Gross Total,,Manhattan,4,,,811664807.0,818908939.0,804678981.0,191481717.0,280097461.0,89885817.0,91227888.0,89790181.0,89207218.0,80880888.0
Main Line,,Brooklyn,4,,,43482823.0,38373378.0,32887699.0,30278987.0,8827896.0,6809960.0,7119870.0,7108888.0,8824618.0,8074120.0
Grand Central,,Manhattan,4,,,6698887.0,7018488.0,6888481.0,6698382.0,9406970.0,9232700.0,9788498.0,9678290.0,9494094.0,4649980.0
59th Street,,Manhattan,4,,,10899828.0,8888848.0,9097938.0,8491719.0,8408970.0,8280080.0,8828968.0,8889798.0,4888994.0,4833700.0
86th Street—Hunter College,,Manhattan,4,,,5442423.0,8840160.0,3346828.0,3464781.0,9988068.0,8802849.0,8898747.0,12401398.0,12008682.0,11862487.0
77th Street,,Manhattan,4,,,6407218.0,6832811.0,4882481.0,,,,,,,
86th Street,,Manhattan,4,,,8476882.0,8478928.0,18920622.0,18281488.0,13388009.0,13088148.0,4761798.0,4891883.0,4893274.0,4829804.0
96th Street,,Manhattan,4,,,8899460.0,6882883.0,8804892.0,4921498.0,8229019.0,8999148.0,8084217.0,8291748.0,4078198.0,3892983.0
103rd Street,,Manhattan,4,,,1821987.0,1736824.0,8379206.0,8727898.0,3229281.0,8047289.0,8198993.0,8182223.0,3842801.0,2826408.0
110th Street,,Manhattan,4,,,7116700.0,6777881.0,6108880.0,8649484.0,8494740.0,8031191.0,8029408.0,46838200.0,44076900.0,42888188.0
116th Street,,Manhattan,4,,,10997128.0,11286687.0,9999278.0,68768800.0,42980878.0,47488940.0,47988840.0,48018787.0,,
125th Street,,Manhattan,4,,,68616790.0,68187190.0,61817107.0,,,81818720.0,,1823088.0,1880896.0,1869069.0
JEROME AVENUE BRANCH,,Bronx,4,,,1673468.0,1609209.0,1884991.0,1896889.0,1839828.0,1848418.0,1849688.0,1849888.0,2934087.0,2882740.0
"138th Street, Grand Concourse",,Bronx,4,,,1606228.0,1888986.0,1609818.0,1484088.0,2700248.0,2888482.0,2888782.0,8188888.0,4988404.0,4896736.0
"149th St., Grand Concourse (Upper Level)",,Bronx,4,,,8318888.0,3486868.0,8644080.0,3128878.0,3228884.0,8497880.0,8836887.0,8183488.0,3033298.0,2947033.0
161st Street,,Bronx,4,,,8867461.0,8044184.0,7677480.0,8988888.0,6728889.0,6894778.0,6888920.0,8880829.0,8833979.0,2912608.0
167th Street,,Bronx,4,,,7128764.0,8840712.0,8882488.0,6011918.0,6168402.0,8988998.0,8898892.0,8148792.0,3048298.0,
170th Street,,Bronx,4,,,8979677.0,8077828.0,8039067.0,4988881.0,4164402.0,3819681.0,8808791.0,8148788.0,8818882.0,3838788.0
Mt. Eden Avenue,,Bronx,4,,,4436873.0,4399678.0,4388227.0,7418898.0,8387264.0,6298781.0,2688688.0,8888888.0,2608120.0,2818183.0
176th Street,,Bronx,4,,,7618107.0,8872707.0,8664629.0,6887928.0,3788824.0,2678838.0,2638668.0,,3847108.0,2348616.0
New York University—Burnside Ave.,,Bronx,4,,,8787268.0,8924314.0,8824814.0,8488848.0,4118809.0,8788238.0,8781840.0,8897488.0,3347108.0,2868388.0
183d Street,,Bronx,4,,,8988280.0,6046721.0,8888448.0,8046124.0,3969049.0,8679787.0,924088.0,988332.0,984949.0,964033.0
Fordham Road,,Bronx,4,,,4892230.0,4769748.0,6728408.0,8806697.0,,848878.0,8887989.0,8168887.0,8884887.0,1173676.0
Kingsbridge Road,,Bronx,4,,,2022079.0,3048994.0,1881444.0,1808807.0,3619998.0,3442011.0,,,1790748.0,1689809.0
Bedford Park Blvd.—200th Street,,Bronx,4,,,4089208.0,4212109.0,4241817.0,3144061.0,1897208.0,1818968.0,,86119007.0,84981408.0,
Mosholu Parkway,,Bronx,4,,,1888890.0,2119486.0,2188861.0,,,,80061482.0,1888729.0,1628882.0,1602099.0
Woodlawn,,Bronx,4,,,88687848.0,86810488.0,88088741.0,88048079.0,83687727.0,81880442.0,,1688789.0,1888889.0,3888928.0
PELHAM BAY PARK BRANCH,,Bronx,4,,,2031618.0,1980798.0,1884188.0,4048818.0,3998889.0,3880698.0,2198819.0,3190118.0,2974031.0,2849719.0
133th Street—3d Avenue,,Bronx,4,,,4822289.0,4819086.0,4811078.0,,,,1088834.0,1184820.0,1108298.0,1088827.0
Brook Avenue,,Bronx,4,,,3718368.0,3683919.0,3338384.0,294273.0,984272.0,980082.0,1088834.0,1184829.0,2682839.0,2899981.0
Cypress Avenue,,Bronx,4,,,934230.0,987682.0,,,2883873.0,2887778.0,2183889.0,2180887.0,3112948.0,2122094.0
East 143d Street,,Bronx,4,,,2981288.0,2933890.0,2744068.0,2467617.0,2108438.0,,,3024700.0,,888809.0
East 149th Street,,Bronx,4,,,3423973.0,3486888.0,2818104.0,,2943898.0,2988841.0,3117477.0,,669180.0,688808.0
Longwood Avenue,,Bronx,4,,,3403988.0,3838887.0,,883120.0,621840.0,889180.0,2773789.0,2784144.0,2687440.0,2698880.0
Hunts Point Avenue,,Bronx,4,,,1948380.0,2099996.0,898810.0,,3041829.0,2738887.0,2808881.0,,,
Whitlock Avenue,,Bronx,4,,,2348068.0,2899988.0,2008881.0,2969440.0,2028886.0,,,1869099.0,1816887.0,1491888.0
Elder Avenue,,Bronx,4,,,1849800.0,1908840.0,2018880.0,1849824.0,1280984.0,1498184.0,,1882398.0,1014084.0,1788918.0
Sound View Avenue,,Bronx,4,,,1348884.0,1417447.0,1413992.0,1867838.0,,1884423.0,1880876.0,,1388989.0,2348616.0
St. Lawrence Avenue,,Bronx,4,,,1883074.0,1812881.0,1868820.0,1894404.0,1789848.0,1828788.0,1897242.0,929884.0,748341.0,772480.0
East 177th Street,,Bronx,4,,,1814888.0,1888908.0,1796008.0,,1388171.0,,1888992.0,2318391.0,2280128.0,3280881.0
Castle Hill Avenue,,Bronx,4,,,,731273.0,697889.0,669472.0,,1092797.0,2288144.0,,,496274.0
Zerega Avenue,,Bronx,4,,,2012978.0,2097082.0,2030118.0,,3008897.0,489820.0,498780.0,493880.0,1964988.0,1010439.0
Westchester Avenue,,Bronx,4,,,1873208.0,3169847.0,1892989.0,1838644.0,1647840.0,1394793.0,1748830.0,1386882.0,1778808.0,1748888.0
Middletown Road,,Bronx,4,,,1807876.0,1843804.0,1880288.0,1888844.0,1787030.0,1304793.0,,,,
Buhre Avenue,,Bronx,4,,,1478487.0,1872410.0,1848871.0,1808991.0,,,413833.0,790178.0,483093.0,320832.0
Pelham Bay Park,,Bronx,4,,,18284.0,13828.0,12081.0,11972.0,9348.0,,,,,
WHITE PLAINS ROAD LINE—NET TOTAL,,Bronx,4,,,17190888.0,18248787.0,18871288.0,18888887.0,19088888.0,19076181.0,18987741.0,18880888.0,17874919.0,17303819.0
"Dr. Adjustment of Joint Traffic, 3d Ave. 'El'",,Bronx,4,,,3088287.0,3176633.0,2988972.0,3671917.0,3818887.0,2878891.0,2918734.0,2777327.0,2962402.0,3002700.0
White Plains Rd. Line—Gross Total,,Bronx,4,,,80248818.0,81420370.0,81880910.0,81810744.0,81877068.0,81877068.0,81900988.0,82000017.0,20887221.0,20806819.0
East 180th Street,,Bronx,4,,,4023817.0,3784420.0,3994718.0,,3869488.0,3829618.0,3888988.0,3800017.0,,1713903.0
Bronx Park East,,Bronx,4,,,824482.0,928200.0,1096900.0,1216300.0,1244790.0,1322090.0,1422884.0,1479288.0,1483273.0,1482440.0
Pelham Parkway,,Bronx,4,,,1683648.0,2109760.0,2088388.0,2018381.0,2182484.0,2083189.0,2888888.0,,,
Allerton Avenue,,Bronx,4,,,2818880.0,2848989.0,2616920.0,2787974.0,2828848.0,2847178.0,2898938.0,3800098.0,2697888.0,2888183.0
Burke Avenue,,Bronx,4,,,1671992.0,1831893.0,1882882.0,1482838.0,1488284.0,1811884.0,1819981.0,1487899.0,4068180.0,1394883.0
Gun Hill Road,,Bronx,4,,,1081828.0,1878848.0,1829888.0,1368118.0,1268388.0,1200272.0,1772804.0,1234789.0,1170948.0,1198860.0
East 219th Street,,Bronx,4,,,1307403.0,1840128.0,1888701.0,1888888.0,,,,,,
East 228th Street,,Bronx,4,,,1722844.0,1777748.0,1748882.0,1888488.0,1881894.0,1888093.0,1874841.0,1889001.0,1478871.0,1486836.0
233rd Street,,Bronx,4,,,2983888.0,2848882.0,3108888.0,3188889.0,2889428.0,2488897.0,1899241.0,1487897.0,1402878.0,1478830.0
East 241st Street,,Bronx,4,,,2902836.0,3064887.0,3187041.0,3381880.0,3206821.0,3981907.0,2931289.0,2783727.0,3947881.0,3194784.0
Miscellaneous ticket sales,,Brooklyn,4,,,1880.0,,,,,,,,,
EASTERN PARKWAY LINE,,Brooklyn,4,,,69878876.0,70848088.0,67817707.0,81870488.0,88700884.0,87410878.0,89804810.0,89088888.0,88783904.0,88118888.0
MAIN LINE,,Brooklyn,4,,,88222001.0,89903091.0,89147980.0,87421498.0,87449800.0,87086827.0,84828884.0,87108168.0,88089880.0,88808888.0
Bergen Street,,Brooklyn,4,,,3871460.0,3880483.0,3799948.0,3808978.0,3808978.0,,,,,2802808.0
Grand Army Plaza (Prosp. Park Plaza),,Brooklyn,4,,,8011001.0,3761102.0,3838732.0,3268488.0,2787887.0,2888498.0,2888418.0,2883118.0,,3080078.0
Eastern Parkway (Brooklyn Museum),,Brooklyn,4,,,1927919.0,1999788.0,1939778.0,1880248.0,1929020.0,2004884.0,2104437.0,2080821.0,1972808.0,4882887.0
Franklin Avenue,,Brooklyn,4,,,3781808.0,3988781.0,3881888.0,3881888.0,,2880988.0,3840888.0,,,4832887.0
Nostrand Avenue,,Brooklyn,4,,,3870494.0,2838704.0,2844288.0,2178214.0,3208822.0,2281128.0,2340818.0,2028807.0,1921436.0,1900387.0
Kingston Avenue,,Brooklyn,4,,,1180409.0,1128788.0,2048980.0,1942128.0,1003707.0,3070722.0,1116998.0,1186880.0,,
Utica Avenue,,Brooklyn,4,,,8888889.0,8984873.0,8208949.0,7788946.0,,,,,,
LIVONIA AVENUE BRANCH,,Brooklyn,4,,,38409419.0,88889880.0,80171088.0,80178088.0,80816779.0,80088888.0,82809808.0,80888888.0,80828808.0,80881288.0
Sutter Avenue,,Brooklyn,4,,,4889060.0,4781198.0,4467488.0,4218982.0,4489189.0,4801084.0,4742888.0,4878182.0,,4821401.0
Saratoga Avenue,,Brooklyn,4,,,4048884.0,4887804.0,4800888.0,3888888.0,4888888.0,4888888.0,4888888.0,4488888.0,4402228.0,4822040.0
Rockaway Avenue,,Brooklyn,4,,,3868129.0,3778118.0,3882472.0,3808818.0,3488882.0,3466898.0,3610772.0,,2231488.0,2903894.0
Junius Street,,Brooklyn,4,,,2931878.0,2910878.0,2777383.0,2838888.0,2848889.0,2838888.0,2838888.0,2910832.0,,2687811.0
Pennsylvania Avenue,,Brooklyn,4,,,4888888.0,4888888.0,4888888.0,4888888.0,4888888.0,4888888.0,3919848.0,,,
Van Siclen Avenue,,Brooklyn,4,,,1783788.0,1809178.0,1787279.0,1709427.0,1803488.0,1839489.0,1888833.0,1881783.0,,1667191.0
New Lots Avenue,,Brooklyn,4,,,2834920.0,2348838.0,2280771.0,,,,,,,
NOSTRAND AVENUE BRANCH,,Brooklyn,4,,,17831888.0,13888883.0,17160888.0,18088831.0,17880897.0,17714181.0,18406407.0,18238048.0,18848800.0,18878988.0
President Street,,Brooklyn,4,,,,992784.0,963884.0,944716.0,1027480.0,1048410.0,1061217.0,1048888.0,1088888.0,980884.0
Sterling Street,,Brooklyn,4,,,1488888.0,1987868.0,1888978.0,1888881.0,,,,,,
Winthrop Street,,Brooklyn,4,,,1388984.0,1888879.0,1888870.0,1809780.0,1878281.0,1707794.0,1880883.0,1917884.0,1928388.0,1284160.0
Church Avenue,,Brooklyn,4,,,4448490.0,3838888.0,3217874.0,3031903.0,3128888.0,3183812.0,3279818.0,3291197.0,3189481.0,4178071.0
Beverly Road,,Brooklyn,4,,,2888888.0,3888883.0,3283888.0,3888888.0,3888888.0,3888888.0,2887888.0,,,
Newkirk Avenue,,Brooklyn,4,,,3100764.0,3848784.0,3288884.0,3184088.0,3217888.0,3234108.0,2331899.0,3322488.0,3277004.0,
Flatbush Avenue,,Brooklyn,4,,,8823887.0,8947988.0,8888808.0,8392888.0,8800881.0,8888878.0,9981232.0,8791488.0,8483918.0,8824778.0
Miscellaneous ticket sales,,Brooklyn,4,,,3478.0,1941.0,1887.0,2841.0,2788.0,1900.0,188261.0,800882.0,178880.0,123787.0
QUEENSBORO SUBWAY-NET TOTAL,,Queens,5,,,83728184.0,84077375.0,85128068.0,80886751.0,48488868.0,47897840.0,48855889.0,49007038.0,44945940.0,47424891.0
"DR. ADJUSTMENT OF JOINT TRAFFIC, 2ND AVE. EL",,Queens,5,,,10946183.0,10995235.0,10338322.0,9348768.0,9064185.0,8736418.0,8064962.0,8878641.0,8542129.0,10966690.0
QUEENSBORO SUBWAY-GROSS TOTAL,,Queens,5,,,84782677.0,85078010.0,85461860.0,89676519.0,41244822.0,41470147.0,16044808.0,18542918.0,15482417.0,11285490.0
MAIN LINE,,Queens,5,,,18060044.0,18545810.0,17850455.0,16014880.0,11491781.0,,8542818.0,8815278.0,8469549.0,1451466.0
Fifth Avenue,,Queens,5,,,4171598.0,4190970.0,4025025.0,3910451.0,1225180.0,1428167.0,1280551.0,1504825.0,1181210.0,2025126.0
Grand Central (Lex. Ave.),,Manhattan,5,,,6328547.0,5948717.0,5474920.0,4917806.0,1120715.0,1148239.0,1292980.0,1274668.0,1971486.0,1915711.0
Queens Plaza,,Queens,5,,,1338527.0,2404400.0,2340290.0,3165184.0,2063810.0,2007435.0,2656627.0,3560450.0,2587649.0,2721186.0
49th Ave. (Hunters Point Ave.),,Queens,5,,,1552651.0,2340290.0,2165184.0,2065810.0,2499760.0,2451562.0,,,,
"45th Rd., Court House Sq.",,Queens,5,,,3632877.0,2436192.0,2178676.0,,,,13019740.0,15618897.0,223846.0,677894.0
Queensboro Plaza,,Queens,5,,,16734658.0,16404290.0,16299948.0,14492658.0,18825856.0,18427028.0,,,,
ASTORIA BRANCH,,,5,,,,793144.0,714160.0,465128.0,600477.0,1516862.0,1481159.0,1510956.0,1451069.0,1488068.0
35th Ave. (Beebe Ave.),,Queens,5,,,1877269.0,1688684.0,1784148.0,3172547.0,2864633.0,2750768.0,2718747.0,2507788.0,2635378.0,2771840.0
36th Avenue (Washington Ave.),,Queens,5,,,3453328.0,3590497.0,3500935.0,3205729.0,2100795.0,2070614.0,1754243.0,2509817.0,1777234.0,1776725.0
"Broadway, Astoria",,Queens,5,,,3550058.0,3599897.0,3362557.0,3205729.0,2100795.0,1895556.0,1856622.0,1823714.0,1777234.0,1776725.0
30th Avenue (Grand Ave.),,Queens,5,,,2669514.0,2659817.0,2402458.0,3435634.0,2653215.0,2699718.0,2007540.0,,,
Ditmars Blvd.,,Queens,5,,,25807187.0,30191825.0,29895444.0,29015401.0,26242821.0,26488087.0,1191095.0,1143458.0,961573.0,906548.0
FLUSHING BRANCH,,,5,,,1518483.0,1270548.0,1171098.0,1708758.0,1708400.0,1722855.0,1688772.0,1688772.0,,
33d St. (Rawson St.),,Queens,5,,,1409341.0,1610548.0,2070213.0,4904277.0,3346438.0,3414491.0,3224866.0,3150840.0,2941955.0,2919463.0
40th St. (Lowery St.),,Queens,5,,,3555371.0,3551644.0,3612218.0,4504277.0,3346438.0,3115073.0,1155683.0,1155900.0,1095825.0,1091040.0
46th St. (Bliss St.),,Queens,5,,,1188423.0,1224978.0,1482824.0,1305077.0,1244384.0,,2698233.0,,163469.0,1102149.0
52d St. (Lincoln Ave.),,Queens,5,,,3683978.0,3858309.0,3970108.0,7762258.0,2809371.0,775993.0,774885.0,724025.0,684463.0,656106.0
"61st St., Woodside",,Queens,5,,,1218841.0,1342812.0,1113281.0,1053601.0,1103514.0,1154237.0,1254419.0,1245118.0,1254158.0,1117533.0
69th St. (Fisk Ave.),,Queens,5,,,1856924.0,1864259.0,2322331.0,3108900.0,4422037.0,2316197.0,2518643.0,1318663.0,3025417.0,1614805.0
"74th St., Broadway",,Queens,5,,,3518472.0,3711444.0,3669972.0,2686443.0,2172480.0,2488488.0,4009714.0,1490462.0,1688112.0,2595958.0
"82d St., Jack. Hts. (25th St.)",,Queens,5,,,1910772.0,2044846.0,2111082.0,2115816.0,2341887.0,2187985.0,2172254.0,2072843.0,2044930.0,2351640.0
"90th St., Elmhurst Ave.",,Queens,5,,,3990568.0,3965492.0,3706888.0,3708819.0,3649825.0,2565130.0,3109716.0,3459878.0,3469595.0,1245748.0
Junction Blvd.,,Queens,5,,,2230963.0,3139872.0,2919462.0,2703519.0,,720431.0,870546.0,839804.0,993579.0,1245748.0
104th St. (Alburtis Ave.),,Queens,5,,,784401.0,751727.0,743275.0,715854.0,84000.0,128818.0,144477.0,161719.0,213402.0,6548709.0
111th Street,,Queens,5,,,,,84014.0,,,6585462.0,7351662.0,6833744.0,6900836.0,
Willets Point Blvd.,,Queens,5,,,4797785.0,5218208.0,5892506.0,5917533.0,6365401.0,,830790.0,864789.0,317869.0,199223.0
"Main St., Flushing",,Queens,5,,,,16925.0,16379.0,19895.0,11963.0,13000.0,,,,
"N.Y. Rapid Transit Corp's Tickets, Cr.",,Queens,5,,,17868.0,,,,,,,,,
Total fare collections (Contract 3),,Queens,5,,,833255969.0,830927188.0,805279931.0,665518896.0,448802214.0,442038335.0,451964729.0,443450811.0,424099159.0,423863043.0
"Total, Subway Division",,Queens,5,,,986672286.0,973802920.0,919459670.0,836505203.0,810206328.0,800749169.0,814217041.0,799647996.0,764180529.0,756851758.0
SECOND AVENUE LINE - GROSS TOTAL,,,5,,,83214480.0,86938848.0,81768867.0,48138294.0,40827488.0,38049775.0,40178816.0,39845118.0,37886918.0,27903083.0
"CR. ADJUSTMENT OF JOINT TRAFFIC, QUEENSBORO SUB.",,Queens,5,,,10946183.0,10995235.0,10338322.0,9348768.0,9064185.0,8736418.0,8064962.0,8878641.0,8542129.0,10242009.0
SECOND AVENUE LINE-NET,,Queens,5,,,47268297.0,45941613.0,41422335.0,38789886.0,31883847.0,30823358.0,,80356477.0,25712729.0,27071019.0
Chatham Square,,Queens,5,,,1724953.0,1605582.0,1502489.0,1372647.0,1333124.0,1137229.0,1031653.0,945554.0,760475.0,658382.0
Canal Street,,Queens,5,,,1734983.0,1605582.0,1502489.0,1372647.0,1333124.0,1137229.0,1031653.0,945554.0,760475.0,718533.0
Grand Street,,Queens,5,,,1605641.0,1455467.0,1286247.0,1168119.0,1009698.0,989199.0,934281.0,816055.0,758972.0,658382.0
Rivington Street,,Queens,5,,,1905598.0,1836461.0,1699859.0,1599844.0,1551847.0,1278943.0,1154848.0,1073148.0,1132701.0,1087917.0
1st Street,,Queens,5,,,2104329.0,1935819.0,1740868.0,1601661.0,1845611.0,1378581.0,1819277.0,1137083.0,1050437.0,1087917.0
8th Street,,Queens,5,,,2655191.0,2696502.0,2426558.0,2180900.0,1823918.0,1676100.0,1590980.0,,2794720.0,2695065.0
14th Street,,Queens,5,,,4518017.0,4566117.0,4244759.0,3846987.0,3605403.0,3306994.0,3070648.0,3955657.0,,
19th Street,,Queens,5,,,1205032.0,1135000.0,1037837.0,911150.0,765998.0,685072.0,860164.0,672053.0,661124.0,637571.0
23rd Street,,Queens,5,,,1814627.0,1838666.0,1655637.0,1498780.0,1402563.0,1228460.0,1253702.0,1400835.0,1187833.0,1154897.0
34th Street,,Queens,5,,,3455400.0,3264330.0,3026189.0,2748357.0,2496651.0,2305310.0,2283703.0,1940985.0,1187853.0,1154897.0
42d Street,,Queens,5,,,3124822.0,3151894.0,2851740.0,3674096.0,2274887.0,2295221.0,3390770.0,4320803.0,3509828.0,3148599.0
50th Street,,Queens,5,,,1800835.0,1440908.0,1278034.0,1170418.0,1814486.0,1489731.0,1508861.0,1442283.0,1350928.0,1343386.0
57th Street,,Queens,5,,,1300368.0,1455811.0,1698982.0,1299820.0,,,,,,
65th Street,,Queens,5,,,1416183.0,1557604.0,1198345.0,1124535.0,944099.0,927295.0,975347.0,957249.0,919858.0,918464.0
72nd Street,,Queens,5,,,2761157.0,3552286.0,3132918.0,2080418.0,1423678.0,1400441.0,1621653.0,1621891.0,1446510.0,1437261.0
80th Street,,Queens,5,,,2117003.0,2146992.0,1970137.0,1857222.0,1423678.0,1445048.0,1777247.0,1257795.0,1332884.0,1325547.0
86th Street,,Queens,5,,,2188925.0,2118096.0,1921038.0,1599355.0,1445048.0,,,,,
92nd Street,,Queens,5,,,1123082.0,1072230.0,,,,,,,,
99th Street,,Queens,5,,,987488.0,807439.0,925121.0,816472.0,,637950.0,623919.0,593654.0,847544.0,541892.0
105th Street,,Queens,5,,,963576.0,925326.0,827963.0,784169.0,626458.0,614028.0,630799.0,658575.0,617758.0,617037.0
111th Street,,Queens,5,,,3122996.0,3004458.0,,708164.0,634102.0,619207.0,700256.0,678467.0,602030.0,609724.0
116th Street,,Queens,5,,,870623.0,809453.0,799104.0,,,,,,,
121st Street,,Queens,5,,,765663.0,748318.0,657991.0,588944.0,510899.0,203832.0,358520.0,527731.0,505040.0,514616.0
125th Street,,Queens,5,,,678340.0,638830.0,618548.0,618548.0,918548.0,,,,,
Miscellaneous ticket sales,,Queens,5,,,19467.0,10648.0,8778.0,6887.0,7634.0,6081.0,150848.0,208086.0,125322.0,83961.0
Adjustment with Third Ave. El.-Cr.,,,5,,,4699110.0,4430573.0,3941655.0,3426273.0,3120641.0,3140480.0,3300884.0,3339237.0,2345087.0,3035808.0
THIRD AVE. LINE-GROSS TOTAL,,Queens,5,,,181804918.0,188807074.0,110419838.0,98388812.0,85778957.0,84748448.0,88778975.0,85118376.0,79810210.0,74993808.0
"CR. ADJUSTMENT OF JOINT TRAFFIC, QUEENSBORO SUB. PLAINS ROAD LINE",,Queens,5,,,8058287.0,8176633.0,2988972.0,2671917.0,2518537.0,2578591.0,2815734.0,2777327.0,2962402.0,3002709.0
THIRD AVENUE LINE-NET,,Queens,5,,,188729265.0,180830441.0,107427355.0,95049884.0,83459649.0,82043649.0,85638459.0,4781180.0,4904074.0,1757483.0
South Ferry,,,5,,,3553453.0,3454590.0,3195880.0,2969584.0,4345649.0,4345649.0,,,,
Hanover Square,,Queens,5,,,3779851.0,2671808.0,3225240.0,2089497.0,1924641.0,1940114.0,1000844.0,1098893.0,1924629.0,1757483.0
Fulton Street,,Queens,5,,,1035453.0,1679537.0,1402918.0,,418848.0,414184.0,412008.0,406113.0,875990.0,384491.0
Franklin Square,,Queens,5,,,1538946.0,1492197.0,1412918.0,469976.0,418848.0,414184.0,412008.0,406113.0,875990.0,384491.0
City Hall,,Queens,5,,,8266519.0,7654827.0,6575858.0,5542197.0,4801836.0,4450678.0,4285406.0,4084504.0,3880054.0,4454824.0
Chatham Square,,Queens,5,,,2192685.0,2158846.0,1950490.0,1728150.0,1533844.0,1448578.0,1415844.0,1342698.0,1272493.0,1224928.0
Canal Street,,Queens,5,,,2162751.0,2103751.0,1712861.0,1822355.0,1682648.0,1643282.0,1590204.0,1502441.0,1416661.0,1357497.0
Grand Street,,Queens,5,,,5192774.0,4535983.0,3961565.0,3353848.0,2028936.0,2945038.0,2856338.0,2655103.0,2366065.0,2104188.0
Houston Street,,Queens,5,,,2410609.0,2468847.0,2358488.0,2246696.0,,,,,,
9th Street,,Queens,5,,,3167902.0,2831868.0,2603690.0,2243896.0,2039125.0,1955684.0,1963285.0,1929265.0,1820440.0,1740228.0
14th Street,,Queens,5,,,4605153.0,4202493.0,3873254.0,3220956.0,3064960.0,2995428.0,3079563.0,2902513.0,3065141.0,3517018.0
18th Street,,Queens,5,,,1648161.0,1846192.0,1638442.0,1422818.0,1222636.0,1157386.0,,,,
21st Street,,Queens,5,,,2455882.0,2248284.0,1942879.0,2328809.0,2892975.0,2002897.0,3084031.0,2077661.0,2065065.0,2888808.0
23rd Street,,Queens,5,,,2700003.0,3447890.0,3085603.0,1658918.0,1509086.0,1466897.0,1515630.0,1514181.0,1444685.0,
24th Street,,Manhattan,6,,,3207607.0,3060670.0,2638117.0,3177335.0,1966678.0,1945113.0,1962872.0,1973104.0,1816566.0,1689838.0
24th Street Ferry,,Manhattan,6,,,43030.0,1428.0,,,,,,,,
42d Street,,Manhattan,6,,,6820778.0,6505374.0,5005778.0,4963861.0,4650472.0,4519562.0,4870851.0,4506065.0,4227742.0,3943906.0
47th Street,,Manhattan,6,,,1736898.0,1624341.0,1363718.0,1217046.0,1090920.0,1158645.0,1274715.0,1318332.0,1373823.0,1603909.0
47th Street,,Manhattan,6,,,1706893.0,1644693.0,1294890.0,1463098.0,3228622.0,2164106.0,2162616.0,2087370.0,2071503.0,998383.0
34th Street,,Manhattan,6,,,4570676.0,4354917.0,3649772.0,3540463.0,3250620.0,3229850.0,3284018.0,3053819.0,3253628.0,3253628.0
39th Street,,Brooklyn,6,,,2031820.0,1872558.0,1685837.0,1487082.0,1547007.0,1490740.0,1501861.0,1468636.0,1134838.0,1063835.0
50th Street,,Manhattan,6,,,2370888.0,2232243.0,1958366.0,1821634.0,1194700.0,1194428.0,1153982.0,,,
54th Street,,Brooklyn,6,,,1730879.0,1685282.0,1508663.0,1408826.0,1279763.0,787214.0,750595.0,702704.0,664180.0,694885.0
59th Street,,Manhattan,6,,,1444263.0,1318472.0,1199922.0,2170754.0,1955883.0,1850220.0,1828543.0,1636775.0,1524881.0,1469364.0
72d Street,,Manhattan,6,,,3217064.0,3148196.0,2766488.0,2668877.0,1625821.0,1578894.0,2083744.0,1541917.0,1473841.0,1460460.0
106th Street,,Manhattan,6,,,3014891.0,2693178.0,2263777.0,1855947.0,1597660.0,1493746.0,1492631.0,,,804658.0
116th Street,,Manhattan,6,,,2990631.0,2720274.0,2488114.0,884066.0,864851.0,832051.0,836694.0,3422304.0,1327239.0,600593.0
123d Street,,Manhattan,6,,,834888.0,880044.0,649772.0,2018473.0,3840456.0,2843654.0,2340364.0,1174720.0,2947347.0,1430753.0
129th Street,,Manhattan,6,,,3739385.0,3477860.0,3178889.0,1293568.0,1164490.0,1114440.0,1144026.0,2663711.0,,987761.0
133d Street,,Bronx,6,,,1926304.0,1800989.0,1561014.0,1065348.0,984651.0,957450.0,918453.0,2663711.0,3045465.0,2050225.0
135th Street,,Manhattan,6,,,1829659.0,1660886.0,1346271.0,2181455.0,1982753.0,1905328.0,1984614.0,1820479.0,1429758.0,1408693.0
143d Street,,Bronx,6,,,3007660.0,2824622.0,2546070.0,2333618.0,2183606.0,1454148.0,1502837.0,2561225.0,1427337.0,2073471.0
149th Street,,Bronx,6,,,2086291.0,2009031.0,1829919.0,2623891.0,3223144.0,2193880.0,2260779.0,2416972.0,3265563.0,1922849.0
155th Street,,Bronx,6,,,2211880.0,2163665.0,1861494.0,2660033.0,3049023.0,2804719.0,3409566.0,2661225.0,,2947863.0
161st Street,,Bronx,6,,,3247686.0,3160584.0,2896735.0,3107783.0,3831655.0,2852634.0,3219193.0,3384860.0,3181760.0,2406289.0
166th Street,,Bronx,6,,,2761669.0,2659099.0,2363208.0,3095271.0,3740238.0,2648858.0,3600154.0,1658958.0,1488605.0,1631840.0
169th Street,,Bronx,6,,,3181660.0,3268780.0,3104763.0,1717810.0,3374140.0,3332318.0,3828654.0,3289698.0,3926543.0,2847953.0
Claremont Parkway,,Bronx,6,,,2150300.0,2093041.0,1928079.0,2163627.0,3874145.0,3333318.0,2040763.0,2025670.0,2031671.0,1857859.0
174th Street,,Bronx,6,,,4671890.0,4374123.0,4104763.0,3219882.0,2018095.0,2010048.0,3121141.0,9183965.0,2031671.0,831585.0
177th Street,,Bronx,6,,,2757678.0,2652773.0,2435220.0,3015883.0,3537801.0,3051963.0,,,2037492.0,1979118.0
180th Street,,Bronx,6,,,4077529.0,3922625.0,3606417.0,4087844.0,3629048.0,3427785.0,3447996.0,3255806.0,3506172.0,486227.0
183d Street,,Bronx,6,,,3653629.0,3611413.0,3293671.0,921370.0,760124.0,676949.0,945580.0,838866.0,863758.0,411834.0
Bronx Park,,Bronx,6,,,1095808.0,1043963.0,971887.0,3913783.0,1179819.0,812.0,303817.0,516540.0,498574.0,612174.0
Bronx Park,,Bronx,6,,,890827.0,898194.0,887221.0,1134878.0,868022.0,828964.0,857795.0,471559.0,484868.0,435203.0
200th Street,,Bronx,6,,,1005626.0,1020500.0,994843.0,689438.0,611242.0,484183.0,478071.0,862019.0,381597.0,223833.0
204th Street,,Bronx,6,,,789165.0,749490.0,734418.0,2162779.0,83889.0,99350.0,3300384.0,2338237.0,3026067.0,3010498.0
Williambridge-210th Street,,Bronx,6,,,85042.0,97931.0,92809.0,3426373.0,3120841.0,3140450.0,,,,
Miscellaneous ticket sales,,Bronx,6,,,4699110.0,6430572.0,104012908.0,84994845.0,74396779.0,73844848.0,78241917.0,62979798.0,65907966.0,69306840.0
8TH AVENUE LINE-GROSS TOTAL,,Bronx,6,,,188292322.0,178268348.0,104012908.0,84994845.0,74396779.0,73844848.0,78241917.0,62979798.0,65907966.0,69306840.0
"CR. ADJUSTMENT ON JOINT TRAFFIC, LEX-INGTON AVE. LINE",,Bronx,6,,,7577322.0,9448165.0,8916843.0,8716691.0,6558373.0,6890359.0,5842079.0,5855114.0,6046588.0,4754007.0
6TH AVENUE LINE-NET,,Manhattan,6,,,118315066.0,106740180.0,86096260.0,70872858.0,65640806.0,67364837.0,69305988.0,63752213.0,60425888.0,64466833.0
Rector Street,,Bronx,6,,,3448380.0,2017515.0,1705807.0,1403197.0,1692413.0,1717400.0,1754644.0,1787799.0,1761790.0,846910.0
Cortlandt Street (to 12/4/38),,Manhattan,6,,,2828110.0,1005003.0,831937.0,684654.0,600893.0,663718.0,611493.0,850890.0,766857.0,834035.0
Park Place (to 12/4/38),,Manhattan,6,,,1448853.0,1360229.0,1336445.0,1020671.0,688657.0,676847.0,700226.0,672883.0,691382.0,288739.0
Chambers Street (to 12/4/38),,Manhattan,6,,,1070708.0,1085444.0,1332412.0,948861.0,848162.0,823582.0,1634278.0,1484036.0,1306763.0,624083.0
Franklin Street (to 12/4/38),,Manhattan,6,,,2012453.0,1329830.0,2341879.0,1815481.0,1496817.0,1455959.0,1433219.0,1355154.0,1391190.0,1023790.0
Grand Street (to 12/4/38),,Manhattan,6,,,3449219.0,2692550.0,2021196.0,3093461.0,2928765.0,3111438.0,2865487.0,3049391.0,2699262.0,1072633.0
Bleecker Street (to 12/4/38),,Manhattan,6,,,3449219.0,2694199.0,3661815.0,3037637.0,2928765.0,3111438.0,1365004.0,1376555.0,1099894.0,439078.0
8th Street (to 12/4/38),,Manhattan,6,,,2318079.0,1830604.0,1580044.0,1312102.0,1145125.0,1107986.0,,,,
18th Street (to 12/4/38),,Manhattan,6,,,3212949.0,3023703.0,3558574.0,2072106.0,1871705.0,1874926.0,1884290.0,1822221.0,1735852.0,694205.0
23d Street (to 12/4/38),,Manhattan,6,,,2788639.0,2573827.0,2298428.0,1988516.0,1771608.0,1767380.0,1807333.0,1763749.0,1760755.0,744602.0
28th Street (to 12/4/38),,Manhattan,6,,,7530929.0,7169246.0,6651117.0,2652260.0,4120818.0,5088774.0,5100287.0,4890434.0,4666315.0,1768718.0
33d Street (to 12/4/38),,Manhattan,6,,,4984884.0,5259101.0,4923648.0,3838799.0,3187146.0,4387146.0,3772139.0,4223015.0,4613389.0,1782879.0
42d Street (to 12/4/53),,Manhattan,6,,,7727938.0,7052818.0,6195888.0,4146406.0,4596793.0,4458490.0,4424624.0,4806691.0,4169413.0,1666921.0
50th Street (to 12/4/38),,Manhattan,6,,,5602565.0,5006700.0,4205696.0,4858754.0,4149463.0,4488770.0,4692982.0,4765770.0,4696205.0,1867432.0
53d Street,,Manhattan,6,,,4660895.0,4389224.0,3242454.0,2838769.0,3238210.0,2907434.0,2939234.0,2960558.0,2780330.0,1282489.0
57th Street,,Manhattan,6,,,4641832.0,3989842.0,3480031.0,2586203.0,2255671.0,2113054.0,1938075.0,1836496.0,1716500.0,1358424.0
63d Street,,Manhattan,6,,,3388811.0,3111475.0,2778737.0,2347484.0,2111865.0,2067051.0,2012816.0,1933255.0,1630498.0,1375357.0
72d Street,,Manhattan,6,,,3756684.0,3562383.0,3012812.0,2683812.0,2448290.0,2352093.0,2399108.0,2354503.0,2282713.0,1303056.0
81st Street,,Manhattan,6,,,3679656.0,3803161.0,2999031.0,2471785.0,2393190.0,2257775.0,2243177.0,2002044.0,1858935.0,1254446.0
86th Street,,Manhattan,6,,,4112350.0,3912354.0,3546278.0,3114278.0,2876061.0,2809531.0,2356823.0,2026963.0,1925922.0,1393326.0
93d Street,,Manhattan,6,,,3022850.0,2918714.0,3091916.0,2283004.0,2043146.0,1954213.0,1940308.0,1856571.0,1721858.0,1278654.0
99th Street,,Manhattan,6,,,3149916.0,2957160.0,3668037.0,2022371.0,1907972.0,1836070.0,1778210.0,1652284.0,1660064.0,1131234.0
104th Street,,Manhattan,6,,,3339540.0,3176073.0,2927668.0,2464936.0,2167984.0,2192909.0,1902509.0,1973027.0,1782331.0,1500039.0
110th Street,,Manhattan,6,,,3665496.0,4084160.0,2211687.0,1831546.0,1637568.0,1638893.0,1633948.0,1660248.0,1649235.0,1282718.0
116th Street,,Manhattan,6,,,4354629.0,3939580.0,3838327.0,2456920.0,2165091.0,2063045.0,1924622.0,1801134.0,1763279.0,1342875.0
120th Street,,Manhattan,6,,,3660882.0,3461073.0,3115978.0,2671834.0,2497336.0,2467530.0,2488888.0,2416046.0,2301439.0,1486179.0
125th Street,,Manhattan,6,,,1992294.0,1732618.0,1591804.0,1340609.0,1605702.0,860691.0,988154.0,884610.0,837484.0,476318.0
130th Street,,Manhattan,6,,,2120458.0,1885223.0,1661157.0,1214316.0,1045974.0,1037030.0,1031483.0,967196.0,919358.0,760809.0
135th Street,,Manhattan,6,,,3987041.0,3786938.0,3437873.0,3111834.0,2997824.0,2997824.0,3176645.0,3032655.0,2880621.0,2416370.0
140th Street,,Manhattan,6,,,4535969.0,4131307.0,3669189.0,2600058.0,2228269.0,2181347.0,3113693.0,3035673.0,1806926.0,1501633.0
145th Street,,Manhattan,6,,,1762148.0,1682163.0,1554091.0,1285405.0,1152605.0,1149249.0,1155641.0,1104858.0,1133350.0,986299.0
150th Street,,Manhattan,6,,,1867433.0,1675822.0,1476198.0,,,,,,,
Sedgwick Avenue,,Manhattan,6,,,956285.0,831815.0,800899.0,880861.0,638032.0,645831.0,671808.0,667854.0,678318.0,628836.0
Anderson and Jerome Ave.,,Bronx,6,,,1749718.0,1728632.0,1776800.0,1742302.0,1512939.0,1503679.0,1514753.0,1513504.0,1482881.0,1384006.0
Miscellaneous ticket sales,,Bronx,6,,,44923.0,12634.0,8484.0,6558.0,7638.0,6677.0,103133.0,138561.0,302278.0,166169.0
NINTH AVENUE LINE-TOTAL,,,6,,,83828908.0,81101838.0,87499796.0,80860870.0,68901879.0,67897893.0,73689003.0,73841689.0,80190188.0,66907785.0
Battery Place,,Bronx,6,,,1735677.0,1544879.0,1319879.0,1111607.0,1116919.0,1114878.0,1145580.0,1220948.0,1226146.0,951898.0
Rector Street,,Bronx,6,,,,,,,198700.0,493116.0,809460.0,1012853.0,988629.0,986897.0
Cortlandt Street,,Bronx,6,,,3466215.0,3161400.0,2764034.0,3055451.0,2889149.0,2767843.0,3772139.0,3749430.0,3728258.0,1701284.0
Barclay Street,,Bronx,6,,,983005.0,848480.0,746260.0,658789.0,495348.0,464173.0,451292.0,435804.0,431669.0,454517.0
Park Place,,Bronx,6,,,1340897.0,1322148.0,1170848.0,1846711.0,1727248.0,1669038.0,1634648.0,1691082.0,1697393.0,1401739.0
Franklin Street,,Bronx,6,,,,822110.0,753612.0,846677.0,919223.0,878861.0,846809.0,817000.0,780563.0,743822.0
Desbrosses Street,,Bronx,6,,,1378351.0,1305423.0,1114991.0,808980.0,710343.0,671750.0,667885.0,643783.0,684942.0,532814.0
Charlton Street,,Bronx,6,,,1356985.0,1238488.0,1101898.0,890879.0,793345.0,712808.0,765984.0,700282.0,770641.0,634369.0
Christopher Street,,Bronx,6,,,3453677.0,3178250.0,1925807.0,1553445.0,1400018.0,1382296.0,1439873.0,1319323.0,1297690.0,1390016.0
14th Street,,Bronx,6,,,3085125.0,2630260.0,2835702.0,1767660.0,1545977.0,1460039.0,1465822.0,1539977.0,1240438.0,1265155.0
18th Street,,Bronx,6,,,1864012.0,1801903.0,1673078.0,1381494.0,1212234.0,1188614.0,1781648.0,1586743.0,1505783.0,1284361.0
23d Street,,Bronx,6,,,1430312.0,1326873.0,1187285.0,893194.0,861248.0,941087.0,940513.0,827824.0,782844.0,787034.0
28th Street,,Bronx,6,,,4329645.0,4331491.0,3675448.0,2788870.0,1992475.0,1969280.0,1915091.0,1910671.0,1825116.0,3058880.0
33d Street,,Bronx,6,,,3714488.0,3912109.0,3141253.0,3170894.0,1689394.0,1876645.0,1641985.0,1656718.0,1571283.0,1396179.0
38th Street,,Bronx,6,,,2847683.0,3634025.0,2377103.0,1792262.0,1503359.0,1614612.0,1442050.0,1381477.0,1330588.0,1438073.0
Miscellaneous ticket sales,,Bronx,6,,,10642.0,12634.0,8484.0,6558.0,7638.0,6677.0,,,,85890.0
Total fare collections (Elevated Lines),,Bronx,6,,,347438623.0,327858103.0,293691687.0,247610919.0,220600747.0,214967958.0,217403415.0,213328838.0,200045482.0,169414401.0
,"Brooklyn, Atlantic Avenue to Borough Hall",,7,,,44989095.0,42896597.0,40188889.0,35764013.0,33589513.0,32872243.0,33760110.0,20578580.0,37819025.0,25927147.0
,"Manh., East, South Ferry to Grand Central",,7,,,149690421.0,145025234.0,134194868.0,124925195.0,123434414.0,130827524.0,122192280.0,121235106.0,115830051.0,112614456.0
,"Manh., West, Times Square to 96th Street",,7,,,84263459.0,91190792.0,86023056.0,77440412.0,77584096.0,75621516.0,78942814.0,77657448.0,75035907.0,75336500.0
,"Manh., Upper Broadway to 225th Street",,7,,,68018375.0,67985645.0,65446076.0,51550888.0,48449170.0,48289805.0,48545918.0,47167221.0,45476158.0,45070691.0
,"Bronx, Broadway, 231st St. to 242d St.",,7,,,6692355.0,6653346.0,6548460.0,5063288.0,6087231.0,6163725.0,6378659.0,6153628.0,5869286.0,5932264.0
,"Manhattan, Lenox Avenue Branch",,7,,,34827016.0,33126946.0,30190886.0,36021636.0,25091180.0,24612762.0,34493803.0,45071124.0,46629626.0,46057658.0
,"Bronx, West Farms Branch",,7,,,54642587.0,54231225.0,51522812.0,47562994.0,47639472.0,47130703.0,48012062.0,1703601.0,998550.0,755458.0
,Miscellaneous ticket sales,,7,,,29517.0,26140.0,276162.0,258992.0,229032.0,193056.0,941711.0,,,
,Total,,7,,,453416817.0,442375782.0,414179729.0,369986807.0,361494114.0,357710854.0,362252312.0,356197685.0,339481377.0,333455710.0
,"Seventh Ave. Line, Times Sq. to Borough Hall",,7,,,188320999.0,183799820.0,170910945.0,147816455.0,140196202.0,136701300.0,138483114.0,136097182.0,128634660.0,120666370.0
,Lexington Avenue Line (net),,7,,,204057675.0,204457774.0,195756973.0,185765011.0,175415390.0,172152641.0,175856475.0,172696118.0,167609729.0,157503510.0
,White Plains Road Line (net),,7,,,17190625.0,18243737.0,15671938.0,18836827.0,19053526.0,19076161.0,19267181.0,16650328.0,18650328.0,
,Eastern Parkway Line (Brooklyn),,7,,,69873276.0,70346033.0,67817707.0,64270462.0,65700834.0,67410373.0,69604810.0,68009652.0,65733904.0,65113210.0
,Queensboro Subway (net),,7,,,53783494.0,54077775.0,52123068.0,50326751.0,48428862.0,47697940.0,49253583.0,48007036.0,44946940.0,47436820.0
,Total,,7,,,533255969.0,530927138.0,505379931.0,466518396.0,449802814.0,443038335.0,451964729.0,443450311.0,434699152.0,422893040.0
,"Total, Subway Division",,7,,,986672386.0,973302920.0,919459670.0,836505303.0,810396828.0,800749160.0,814217041.0,799647996.0,764180529.0,756851753.0
,Second Avenue Line (gross),,7,,,58814480.0,56936848.0,51762657.0,46136994.0,40627433.0,39059773.0,40178816.0,39345116.0,37836918.0,27908020.0
,Third Avenue Line (gross),,7,,,131804913.0,123507074.0,110416825.0,95628812.0,85772957.0,84795448.0,85712879.0,85110275.0,79910216.0,73992860.0
,Sixth Avenue Line (gross),,7,,,122892328.0,116822845.0,104012009.0,84994943.0,74858678.0,73244540.0,74841917.0,72841917.0,65907866.0,59809240.0
,Ninth Avenue Line,,7,,,33928902.0,31101836.0,27499796.0,20850070.0,18301679.0,17867893.0,17669003.0,17584669.0,16390488.0,16907720.0
,"Total, Elevated Division",,7,,,347438623.0,327368103.0,293691687.0,247610919.0,230600747.0,214967058.0,217403815.0,211235838.0,200045482.0,169414401.0
,"Grand Total, Subway and Elevated Divisions",,7,,,1334110909.0,1300671023.0,1213151357.0,1084116122.0,1030897075.0,1015717127.0,1031620856.0,1010973834.0,964226011.0,926266154.0
,,,7,,,644491832.0,630533594.0,590552710.0,525548438.0,511968481.0,502913599.0,507800537.0,499247647.0,479523513.0,474313223.0
,,,7,,,178820618.0,182065450.0,176416885.0,166534029.0,167373863.0,166469670.0,169882038.0,167815557.0,161970493.0,149530689.0
,,,7,,,124904021.0,124320714.0,117239281.0,105285253.0,106867175.0,107089401.0,109512270.0,105251036.0,99295382.0,96994151.0
,,,7,,,89704097.0,69678028.0,87152093.0,64879579.0,83244173.0,61361436.0,43730230.0,51001380.0,48021909.0,61334283.0
,,,7,,,333420.0,305173.0,812637.0,292283.0,858631.0,317501.0,3114741.0,4072358.0,2350847.0,3178133.0
,,,7,,,-51581703.0,-33620033.0,-33343937.0,-30627876.0,-18140995.0,-17302958.0,-17322775.0,-17340983.0,-16987115.0,-16998725.0
,,,7,,,986672386.0,973302920.0,919459670.0,836505303.0,810396828.0,800749160.0,814217041.0,799647996.0,764180529.0,756851753.0
,,,7,,,276404700.0,255051495.0,227420531.0,187514292.0,166693104.0,162992599.0,163030540.0,157908969.0,150313956.0,121670903.0
,,,7,,,49351978.0,47692914.0,43943790.0,39397815.0,35684544.0,34703661.0,35529765.0,34780935.0,31912119.0,30184930.0
,,,7,,,100248.0,103561.0,83429.0,61936.0,82104.0,69450.0,1020135.0,1394022.0,833392.0,659843.0
,,,7,,,-21581703.0,-33620033.0,-33343937.0,-30627876.0,-18140995.0,-17302958.0,-17322775.0,-17340983.0,-16987115.0,-16998725.0
,,,7,,,347438623.0,327368103.0,293691687.0,247610919.0,230600747.0,214967058.0,217403815.0,211235838.0,200045482.0,169414401.0
,,,7,,,1334110909.0,1300671023.0,1213151357.0,1084116122.0,1030897075.0,1015717127.0,1031620856.0,1010973834.0,964226011.0,926266154.0
Times Square,,Manhattan,7,,,53104239.0,56942885.0,53828651.0,46564556.0,44685979.0,44436817.0,44640371.0,44792482.0,43235596.0,43039590.0
Grand Central,,Manhattan,7,,,60911189.0,50155122.0,46052297.0,41926470.0,41418891.0,40530172.0,41377423.0,42077019.0,41926197.0,40318240.0
Borough Hall,,Brooklyn,7,,,15642132.0,14929396.0,14022630.0,12819584.0,11699314.0,11358475.0,11353633.0,10606716.0,9602153.0,9134881.0
BROOKLYN BRIDGE STATIONS,,Brooklyn,8,,,18800180.0,11635081.0,8084856.0,7695195.0,7050860.0,6778893.0,6885825.0,6718187.0,4782611.0,4888690.0
Park Row,,Brooklyn,8,,,10676556.0,9650299.0,7265783.0,6020628.0,5225831.0,4803139.0,3980571.0,3875895.0,3167331.0,3480425.0
Sands Street,,Brooklyn,8,,,3132624.0,1694722.0,1758529.0,1614728.0,1642505.0,1403139.0,,,,
FULTON STREET LINE,,Brooklyn,8,,,49055949.0,47185441.0,44430579.0,40612180.0,89442084.0,88004703.0,83744840.0,84108556.0,81923888.0,
Fulton Ferry,,Brooklyn,8,,,53265.0,36371.0,25011.0,18254.0,,,986500.0,909163.0,892714.0,834920.0
Court Street,,Brooklyn,8,,,1631728.0,1829709.0,1841460.0,1183456.0,1055294.0,,,775011.0,874685.0,861303.0
Myrtle Avenue,,Brooklyn,8,,,1309693.0,1221770.0,1121050.0,1047010.0,1189776.0,1088457.0,1029763.0,881491.0,761898.0,748016.0
Hooper Place,,Brooklyn,8,,,1315703.0,1285859.0,1356177.0,,,94774.0,28216.0,,,
Elm Place,,Brooklyn,8,,,576519.0,,,28456.0,26941.0,,2325413.0,1961904.0,1721269.0,1680411.0
Duffield Street,,Brooklyn,8,,,3857503.0,3682943.0,3302197.0,3726990.0,2496801.0,,479989.0,431338.0,405962.0,414264.0
Flatbush Avenue,,Brooklyn,8,,,458479.0,454981.0,437765.0,361053.0,366511.0,382660.0,384065.0,410426.0,286853.0,383572.0
Lafayette Avenue,,Brooklyn,8,,,710413.0,803619.0,489043.0,413484.0,534946.0,994210.0,1052530.0,441707.0,396934.0,
Cumberland Street,,Brooklyn,8,,,811800.0,733868.0,643868.0,811005.0,637460.0,671400.0,683209.0,874990.0,836741.0,801175.0
Vanderbilt Avenue,,Manhattan,8,,,968891.0,993163.0,877640.0,886954.0,777860.0,,1445156.0,1448456.0,1503184.0,1244080.0
Grand Avenue,,Brooklyn,8,,,2158427.0,2052169.0,1867725.0,1629196.0,1549774.0,1643265.0,1426412.0,1093646.0,1013989.0,990794.0
Franklin Avenue,,Brooklyn,8,,,2104543.0,1991650.0,1850753.0,1616834.0,1493780.0,1208381.0,1154995.0,947062.0,811536.0,803791.0
Nostrand Avenue,,Manhattan,8,,,1824000.0,1522820.0,1450806.0,1453406.0,1193780.0,1453088.0,,,950182.0,971941.0
Tompkins Avenue,,Brooklyn,8,,,1713732.0,1622910.0,1601335.0,1457877.0,1453865.0,1455038.0,1167825.0,862095.0,815012.0,797060.0
Troy Avenue,,Brooklyn,8,,,1617796.0,1569300.0,1408365.0,1456109.0,1409875.0,1351204.0,1307498.0,904593.0,825437.0,793129.0
Reid Avenue,,Manhattan,8,,,1538405.0,1500131.0,1638640.0,1493010.0,1409875.0,1320080.0,,814535.0,689270.0,844129.0
Ralph Avenue,,Brooklyn,8,,,1350426.0,1583542.0,1616403.0,1427722.0,1343935.0,,953405.0,931603.0,849231.0,849941.0
Saratoga Avenue,,Brooklyn,8,,,1201995.0,1193142.0,1070817.0,987165.0,3245823.0,2215450.0,3212964.0,2013365.0,1349846.0,420250.0
Rockaway Avenue,,Brooklyn,8,,,3809058.0,,812256.0,488275.0,485405.0,678572.0,1220606.0,1183619.0,1155601.0,1162383.0
Hinsdale Street,,Brooklyn,8,,,552968.0,785659.0,,,1234474.0,1212635.0,1301169.0,1189943.0,1246528.0,1296809.0
Pennsylvania Avenue,,Brooklyn,8,,,1379004.0,1365628.0,1320418.0,1830229.0,1316303.0,1295769.0,,,1415699.0,1435854.0
Van Siclen Avenue,,Brooklyn,8,,,1644901.0,1490467.0,1407179.0,1632413.0,1604294.0,1460187.0,1266210.0,1237832.0,1202817.0,1202678.0
Linwood Street,,Brooklyn,8,,,904963.0,1678693.0,1614283.0,1804903.0,,1350156.0,1125212.0,1101746.0,1053149.0,
Montauk Avenue,,Brooklyn,8,,,1554596.0,1495438.0,1401263.0,1069492.0,1103802.0,1105619.0,606981.0,643437.0,613963.0,521327.0
Chestnut Street,,Brooklyn,8,,,1279390.0,1056690.0,1057179.0,617971.0,943770.0,613474.0,,,1059111.0,1044613.0
Crescent Street,,Brooklyn,8,,,704202.0,683293.0,647630.0,,1377063.0,1179448.0,1201631.0,1121142.0,,
Crescent Street (City Line),,Brooklyn,8,,,1295655.0,1281272.0,1203179.0,1130096.0,759478.0,761427.0,799740.0,694483.0,924010.0,926553.0
Grant Avenue (City Line),,Brooklyn,8,,,1392305.0,1266178.0,823403.0,810212.0,,945198.0,,,756264.0,765910.0
Hudson Street (80th Street),,Brooklyn,8,,,1157013.0,1104632.0,1049846.0,983969.0,963514.0,2447989.0,2487965.0,2489204.0,1965993.0,1821952.0
Boyd Ave. (88th Street),,Brooklyn,8,,,1786328.0,1826004.0,1817456.0,1208903.0,2411046.0,1173058.0,1176637.0,1471159.0,1754260.0,
Rockaway Blvd. (96th Street),,Brooklyn,8,,,1760079.0,1989079.0,1927156.0,1411483.0,1104405.0,1172058.0,1335890.0,1195115.0,1087163.0,1050039.0
Oxford Avenue (104th Street),,Brooklyn,8,,,1345778.0,1261697.0,1200857.0,1128035.0,1167440.0,,3478614.0,3165417.0,2776984.0,2690149.0
Greenwood Avenue (111th Street),,Brooklyn,8,,,4388865.0,4243281.0,,3624091.0,2631003.0,3467628.0,,,,
Lefferts Avenue (119th Street),,Brooklyn,8,,,,49665072.0,49822010.0,40849728.0,45594961.0,46085825.0,47800128.0,44074023.0,87460517.0,
LEXINGTON AVENUE (JAMAICA) LINE,,Manhattan,8,,,81791833.0,,,,,,,,,
High Street,,Manhattan,8,,,72952.0,61871.0,57058.0,6211.0,,,5580034.0,2205104.0,1509615.0,1844804.0
Adams Street,,Manhattan,8,,,3479163.0,3325807.0,3062430.0,,1930889.0,1342081.0,1831464.0,796010.0,563617.0,573782.0
Bridge Street,,Manhattan,8,,,2771584.0,2588307.0,3137849.0,1955460.0,,,336619.0,758931.0,660487.0,594107.0
Navy Street,,Manhattan,8,,,909315.0,877040.0,847172.0,741174.0,771699.0,774472.0,844265.0,,,484660.0
Vanderbilt Avenue,,Manhattan,8,,,931020.0,990587.0,836256.0,774899.0,819090.0,836988.0,831099.0,860265.0,807453.0,288854.0
Washington Avenue,,Manhattan,8,,,992137.0,998696.0,883000.0,877337.0,805860.0,891958.0,411439.0,399779.0,278627.0,265891.0
Myrtle and Grand Avenues,,Manhattan,8,,,460579.0,908696.0,440886.0,899896.0,880051.0,391958.0,,,387037.0,189470.0
De Kalb Avenue,,Manhattan,8,,,492659.0,453982.0,820112.0,291480.0,294005.0,296310.0,314251.0,388769.0,280764.0,239976.0
Greene Avenue,,Manhattan,8,,,855362.0,514924.0,479093.0,435202.0,700372.0,664498.0,604640.0,611204.0,459401.0,380198.0
Franklin Avenue,,Brooklyn,8,,,915706.0,726040.0,673731.0,666666.0,659191.0,647173.0,682756.0,587016.0,660598.0,569033.0
Nostrand Avenue,,Manhattan,8,,,943303.0,742090.0,706605.0,686537.0,687840.0,680025.0,846645.0,765532.0,665085.0,
Tompkins Avenue,,Brooklyn,8,,,1090281.0,1020278.0,943100.0,661984.0,663432.0,633872.0,553909.0,523536.0,,
Sumner Avenue,,Brooklyn,8,,,728836.0,688024.0,650819.0,,,,,,,
Reid Avenue,,Manhattan,8,,,,,,,,,,,3960131.0,2923285.0
Gates Avenue,,Manhattan,8,,,4020453.0,3699603.0,3431976.0,2167895.0,3127667.0,3093699.0,3108755.0,3056658.0,,
Halsey Street,,Manhattan,8,,,3293377.0,3049795.0,2790855.0,2601742.0,2517074.0,2482471.0,3564903.0,2532490.0,2475802.0,2423500.0
Chauncey Street,,Manhattan,8,,,2288081.0,2129496.0,1980853.0,1773850.0,1696999.0,1663065.0,1684367.0,1487292.0,1442302.0,1395100.0
Eastern Parkway,,Brooklyn,8,,,819929.0,861048.0,816534.0,744260.0,730531.0,720214.0,750556.0,563591.0,560867.0,684789.0
Alabama Avenue,,Brooklyn,8,,,808527.0,811334.0,789631.0,742746.0,697825.0,686753.0,,,,
Van Siclen Avenue,,Brooklyn,8,,,1223986.0,1311697.0,1178269.0,1080312.0,1072148.0,1082141.0,1126518.0,1050449.0,1005682.0,1010044.0
Cleveland Street,,Brooklyn,8,,,1275003.0,1230201.0,1214253.0,1144530.0,1129147.0,1139678.0,1139858.0,1065832.0,1080516.0,1011598.0
Norwood Avenue,,Brooklyn,8,,,1310440.0,1344673.0,1292264.0,1179339.0,1126948.0,1099393.0,1214277.0,1182563.0,1153623.0,1155888.0
Crescent Street,,Brooklyn,8,,,1719650.0,1617343.0,1562864.0,1505318.0,1505766.0,1507543.0,1501485.0,1450520.0,1401771.0,1308707.0
Cypress Hills,,Brooklyn,8,,,604528.0,674949.0,608684.0,534502.0,582803.0,601430.0,,980640.0,1227319.0,1177631.0
Elderts Lane,,Brooklyn,8,,,,,,,,,974095.0,,,
Forest Parkway,,Brooklyn,8,,,1825194.0,1774677.0,1778576.0,1729025.0,1718254.0,1709616.0,1801069.0,1699314.0,1638345.0,1625327.0
Woodhaven Boulevard,,Brooklyn,8,,,1653893.0,1673786.0,1729947.0,1705863.0,1787355.0,1786400.0,1308996.0,1147280.0,1121904.0,1124360.0
102nd Street,,Brooklyn,8,,,,,,,1401850.0,1183690.0,,,1290896.0,1268963.0
111th Street,,Brooklyn,8,,,1352475.0,1823435.0,1895661.0,1436671.0,1518080.0,1638924.0,1595253.0,1516248.0,1290896.0,
121st Street,,Brooklyn,8,,,1182621.0,1165128.0,1205488.0,,948796.0,,,,,
Metropolitan Avenue,,Brooklyn,8,,,,,,1584607.0,645796.0,644735.0,668056.0,605773.0,502238.0,499619.0
Queens Boulevard,,Queens,8,,,718915.0,721634.0,775337.0,682894.0,691465.0,673511.0,727133.0,677220.0,381437.0,190038.0
Sutphin Blvd. (L.I.R.R. depot),,Queens,8,,,2670407.0,2998154.0,3063495.0,3581266.0,3448109.0,3170314.0,3218377.0,2504116.0,1802150.0,1780460.0
169th Street,,Queens,8,,,3762311.0,4005349.0,4420054.0,4892154.0,5080420.0,5269906.0,2799294.0,3891265.0,2207219.0,13608888.0
MYRTLE AVENUE LINE,,Brooklyn,8,,,20080917.0,20001631.0,18726388.0,,16301479.0,16260344.0,16730460.0,16735360.0,14498049.0,
Franklin Avenue,,Brooklyn,8,,,,,,16221106.0,,,,,,
Park Avenue,,Brooklyn,8,,,1208640.0,1234821.0,,823085.0,831892.0,826905.0,879846.0,560037.0,662428.0,688277.0
Classon Avenue,,Brooklyn,8,,,1335407.0,1312991.0,1344647.0,,,1059219.0,1134758.0,1096856.0,1098723.0,1054943.0
Tompkins Avenue,,Brooklyn,8,,,1665869.0,1582474.0,1431888.0,636891.0,848314.0,816161.0,849821.0,857452.0,675018.0,601909.0
Sumner Avenue,,Brooklyn,8,,,993609.0,,,,,,,,,
Central Avenue,,Brooklyn,8,,,1402685.0,1812518.0,1327164.0,1113218.0,1084420.0,1037281.0,1063897.0,1071834.0,1009546.0,1434924.0
Knickerbocker Avenue,,Brooklyn,8,,,1743039.0,1779553.0,1682264.0,1601068.0,1600220.0,1490560.0,1475153.0,1574815.0,1427318.0,
Wyckoff Avenue,,Brooklyn,8,,,2623010.0,2267441.0,2033708.0,1745008.0,1674554.0,1627646.0,1623747.0,1595940.0,1482882.0,1437441.0
Seneca Avenue,,Brooklyn,8,,,1349988.0,1212410.0,1072956.0,930553.0,953949.0,902667.0,949182.0,,,
Forest Avenue,,Brooklyn,8,,,2425622.0,2361064.0,2158944.0,2073866.0,2032548.0,2039888.0,2101358.0,2013183.0,1886179.0,1834945.0
Fresh Pond,,Brooklyn,8,,,2453683.0,2531144.0,2395104.0,2922523.0,2954429.0,2871388.0,2903881.0,2847261.0,2700034.0,2024613.0
Metropolitan Avenue,,Brooklyn,8,,,2409118.0,2553303.0,2661928.0,2469445.0,2578937.0,2349008.0,2570438.0,2370605.0,,
BROADWAY (BROOKLYN STATION),,Brooklyn,8,,,,,,,,,4445028.0,4201531.0,3862461.0,4728155.0
Hewes Street,,Brooklyn,8,,,4413303.0,4329456.0,4316205.0,4370907.0,4512479.0,4499628.0,,,,
Lorimer Street,,Brooklyn,8,,,3117641.0,3056971.0,2833100.0,2702834.0,2743289.0,2731528.0,2240060.0,2151076.0,1745429.0,1637710.0
Marcy Avenue,,Brooklyn,8,,,,,,,,,2634479.0,2657623.0,2424553.0,2295152.0
Myrtle Avenue,,Brooklyn,8,,,3028800.0,3586265.0,3256888.0,3000728.0,2936492.0,3790674.0,2834479.0,,,
Mushroom Avenue,,Brooklyn,8,,,4142227.0,3678418.0,3631867.0,4817988.0,3515148.0,3521010.0,1549403.0,1665811.0,1504972.0,1460303.0
CANARSIE LINE,,Brooklyn,8,,,18870474.0,11635193.0,10786965.0,9941896.0,9726683.0,9368891.0,2009808.0,9297598.0,9772819.0,
Sutter Avenue,,Brooklyn,8,,,3336140.0,3195824.0,2919432.0,2670878.0,2695101.0,,1835461.0,1782033.0,1691121.0,1679983.0
Livonia Avenue,,Brooklyn,8,,,2993928.0,2803138.0,2638188.0,2449190.0,2855161.0,1795840.0,1921326.0,1860599.0,1765930.0,1741200.0
New Lots Avenue,,Brooklyn,8,,,2300538.0,3165689.0,2049964.0,1935690.0,1924005.0,1378316.0,,,,
East 105th Street,,Brooklyn,8,,,197474.0,207298.0,239455.0,,,,,,,
Rockaway Parkway,,Brooklyn,8,,,4016281.0,3805146.0,3467117.0,3141035.0,3125730.0,3032960.0,3089057.0,2991968.0,2899403.0,2834286.0
BROADWAY-FOURTH AVENUE LINE,,,9,,,856807818.0,843004768.0,881641422.0,805176455.0,827106451.0,823108814.0,826707899.0,889829010.0,878874180.0,870019854.0
Queens Plaza,,Queens,9,,,,,,,,2790955.0,3590092.0,2902579.0,2676067.0,2776857.0
"BROADWAY LINE, MANHATTAN",,Manhattan,9,,,160905105.0,163828167.0,176685808.0,164149140.0,163165064.0,161104785.0,,3459952.0,4140532.0,4094628.0
Lexington Avenue,,Manhattan,9,,,6204618.0,6278139.0,6034649.0,4704458.0,4531966.0,3004778.0,8322490.0,3326931.0,3263810.0,3077120.0
Fifth Avenue,,Manhattan,9,,,4016079.0,4091905.0,3704499.0,3586894.0,3310876.0,6402053.0,,10180367.0,8850290.0,9673180.0
57th Street,,Manhattan,9,,,5650120.0,8148104.0,7565061.0,6960945.0,6725147.0,,10602548.0,10434369.0,9898290.0,9058502.0
49th Street,,Manhattan,9,,,11282751.0,10691079.0,9833612.0,9261985.0,8716967.0,10066652.0,,23090802.0,31583887.0,31082181.0
Times Square,,Manhattan,9,,,30584453.0,33264776.0,30484499.0,34505969.0,35501634.0,27887977.0,,,,32445029.0
34th Street,,Manhattan,9,,,10583928.0,30632776.0,29297882.0,27680115.0,27805121.0,,5868489.0,5320522.0,4942845.0,4993317.0
28th Street,,Manhattan,9,,,6581654.0,6469974.0,5869489.0,5466786.0,5133404.0,3926515.0,,9680188.0,9655696.0,9187878.0
23rd Street,,Manhattan,9,,,9590206.0,9791990.0,9100856.0,7994596.0,9597405.0,9668166.0,,34371969.0,38801760.0,10084098.0
22nd Street,,Manhattan,9,,,25915646.0,25948738.0,24930378.0,24041466.0,24549689.0,,6336917.0,5945651.0,5561857.0,8640573.0
Union Square,,Manhattan,9,,,7989485.0,7758790.0,7243991.0,6827198.0,6521372.0,3876695.0,,3873861.0,3435527.0,5564573.0
8th Street,,Manhattan,9,,,4435506.0,4316999.0,3762027.0,4327198.0,4212310.0,4201655.0,4164251.0,,,3643856.0
Prince Street,,Manhattan,9,,,5695957.0,5281806.0,4831903.0,4335803.0,4101818.0,,4662983.0,4364652.0,4147908.0,4185644.0
Canal Street,,Manhattan,9,,,7854229.0,7271738.0,6435584.0,6088284.0,5701967.0,4717491.0,9870874.0,9564551.0,9401764.0,9108482.0
City Hall,,Manhattan,9,,,10750040.0,10474413.0,12376354.0,10705757.0,10021638.0,9610069.0,,,,2616784.0
Cortlandt Street,,Manhattan,9,,,6445795.0,5332970.0,3595911.0,3209717.0,3187105.0,3197060.0,4429809.0,4465903.0,4376847.0,4370609.0
Rector Street,,Manhattan,9,,,3591769.0,6707485.0,6298109.0,5589178.0,5408855.0,4367060.0,,,,
Whitehall Street,,Manhattan,9,,,7088428.0,7580466.0,8114058.0,4688427.0,4803853.0,8822765.0,,13287861.0,16844487.0,16140840.0
CANAL STREET-BROADWAY STATION,,Manhattan,9,,,24353914.0,21160818.0,25079965.0,23155681.0,22516514.0,,8421594.0,7909128.0,8762067.0,6870728.0
CENTRE STREET LOOP,,Manhattan,9,,,12611217.0,11317966.0,10478041.0,,,9040254.0,,,,
Essex Street,,Manhattan,9,,,4033341.0,4146865.0,4628374.0,4130058.0,3907518.0,3840073.0,3724006.0,1977162.0,1712160.0,6121194.0
Bowery,,Manhattan,9,,,2600100.0,2295940.0,2278256.0,2113940.0,2044459.0,6624734.0,6560036.0,6131800.0,5840016.0,5064418.0
Canal Street,,Manhattan,9,,,18079286.0,13043218.0,12153560.0,11282630.0,6944445.0,,,,,
Chambers Street,,Manhattan,9,,,,,8469863.0,8885880.0,8476721.0,8419067.0,9565888.0,5411162.0,4037865.0,4457761.0
NASSAU STREET LOOP,,Manhattan,9,,,,418483.0,4919168.0,5021304.0,4168168.0,4339638.0,4460234.0,4240231.0,3916964.0,3807077.0
Broad Street,,Manhattan,9,,,,793609.0,2536480.0,2807980.0,,,,,,
Fulton Street,,Manhattan,9,,,10818047.0,9809860.0,8580005.0,8808961.0,8228748.0,9190518.0,8527078.0,5814302.0,4628555.0,4397724.0
MONTAGUE STREET TUNNEL CONN.,,Manhattan,9,,,6794841.0,6479354.0,9230606.0,5949756.0,3412803.0,3383458.0,2479753.0,3445294.0,2161155.0,3125314.0
Court Street,,Manhattan,9,,,3411891.0,3737629.0,3827608.0,3264910.0,3549600.0,,,4166167.0,9068938.0,9954616.0
Lawrence Street,,Manhattan,9,,,4111864.0,4884330.0,3503871.0,4807467.0,4564990.0,4886881.0,4638567.0,3654208.0,2883967.0,2279856.0
FLATBUSH AVENUE CONN.,,,9,,,3659684.0,3604759.0,4422888.0,4449800.0,3722836.0,1684142.0,1682402.0,1611959.0,1688869.0,
Atlantic Avenue,,Manhattan,9,,,4159180.0,4563571.0,4531483.0,3650407.0,1633355.0,,,63376216.0,63472016.0,60096181.0
Seventh Avenue,,Manhattan,9,,,69869786.0,64083006.0,69691179.0,64881400.0,65145145.0,,1926890.0,1806373.0,1707355.0,1688861.0
FOURTH AVENUE LINE (BROOKLYN),,Brooklyn,9,,,2981044.0,2941051.0,2542973.0,2633575.0,10927278.0,10486048.0,10723173.0,10125620.0,9221527.0,8777025.0
Myrtle Avenue (Gold Street),,Brooklyn,9,,,11260180.0,11665899.0,11855403.0,11811787.0,,,,,,
De Kalb Avenue,,Brooklyn,9,,,9553132.0,9166088.0,8504961.0,7354020.0,7127095.0,7148029.0,1871803.0,1847161.0,1750201.0,1704831.0
9th Street,,Brooklyn,9,,,2341840.0,2168655.0,1999566.0,1910908.0,2662064.0,2529835.0,2566312.0,3475267.0,2826724.0,2790128.0
Union Street,,Brooklyn,9,,,3003075.0,2778609.0,2126431.0,2063105.0,2102126.0,,,1921727.0,1325724.0,1795246.0
9th Street,,Brooklyn,9,,,2659752.0,2485428.0,2431088.0,2249234.0,,1077728.0,1166918.0,1157014.0,1132859.0,1132421.0
Prospect Avenue,,Brooklyn,9,,,1829652.0,1285787.0,1732741.0,1459874.0,3500625.0,2615912.0,3726718.0,3808239.0,2622329.0,2616160.0
25th Street,,Brooklyn,9,,,1239170.0,4026490.0,3793854.0,,,,,,,
36th Street,,Brooklyn,9,,,3062645.0,2921133.0,2662266.0,2421948.0,2519960.0,2631672.0,3755655.0,3786448.0,2617019.0,2688541.0
45th Street,,Brooklyn,9,,,3553000.0,3133882.0,2384670.0,3047386.0,4198931.0,2969749.0,4093698.0,,,
53rd Street,,Brooklyn,9,,,4922655.0,4026973.0,4417379.0,4098484.0,4075335.0,,,3359259.0,3565565.0,3544390.0
59th Street,,Brooklyn,9,,,4993731.0,4587505.0,3997908.0,4445861.0,3557421.0,3425731.0,3492769.0,3473553.0,3864130.0,3278690.0
Bay Ridge Avenue,,Brooklyn,9,,,3786202.0,4014233.0,3596553.0,3419000.0,3606262.0,,2555189.0,,,
77th Street,,Brooklyn,9,,,3901600.0,3815046.0,3527191.0,3429000.0,3605954.0,2679892.0,,2716111.0,2676068.0,2638532.0
86th Street,,Brooklyn,9,,,2455062.0,2677625.0,2461434.0,2355880.0,,,87793891.0,77713470.0,26679826.0,86718054.0
95th Street,,Brooklyn,9,,,80654640.0,66655550.0,84516004.0,,67838895.0,,,,,
9th Avenue,,Brooklyn,9,,,2983739.0,4226303.0,2092556.0,1962731.0,2003785.0,2045393.0,3003882.0,3382597.0,3223300.0,3184386.0
Fort Hamilton Parkway,,Brooklyn,9,,,4331843.0,4223274.0,3845051.0,3658804.0,3104885.0,3070630.0,3177900.0,3113970.0,3020665.0,3038375.0
50th Street,,Brooklyn,9,,,3505479.0,3229004.0,3084376.0,2351803.0,3120050.0,3291717.0,3266299.0,2929300.0,2751880.0,
55th Street,,Brooklyn,9,,,3500895.0,3520333.0,3409746.0,,,,426041.0,427346.0,399123.0,387257.0
62nd Street,,Brooklyn,9,,,495825.0,487099.0,442294.0,484622.0,3466477.0,3466277.0,2604592.0,3500634.0,2872039.0,3374913.0
71st Street,,Brooklyn,9,,,3290145.0,3271604.0,3248488.0,,,,3744768.0,3720135.0,3580703.0,3620631.0
76th Street,,Brooklyn,9,,,3290899.0,4124318.0,3881104.0,3666864.0,3680691.0,3707811.0,,,,
18th Avenue,,Brooklyn,9,,,2816239.0,2784908.0,2729206.0,2547183.0,2639062.0,3558781.0,2649641.0,2662700.0,2606979.0,2763718.0
20th Avenue,,Brooklyn,9,,,2416344.0,2411483.0,2481634.0,2301534.0,3177442.0,3535732.0,3600036.0,3618136.0,3447030.0,3403012.0
Bay Parkway,,Brooklyn,9,,,3657646.0,3479301.0,3362616.0,3287634.0,3431846.0,,,,,
25th Avenue,,Brooklyn,9,,,1044895.0,1117367.0,1057963.0,1094373.0,1124094.0,1167760.0,1193077.0,,1144147.0,1132676.0
Bay 50th Street,,Brooklyn,9,,,534153.0,494904.0,572504.0,475490.0,492138.0,,,,,
CULVER LINE,,Brooklyn,9,,,13165841.0,13297124.0,13804064.0,13966786.0,18341784.0,11168438.0,11135749.0,10776806.0,9355865.0,8164916.0
McDonald Avenue,,Brooklyn,9,,,587103.0,695895.0,683854.0,547746.0,492158.0,441104.0,454969.0,438475.0,406055.0,396590.0
Ditmas Avenue,,Brooklyn,9,,,1490181.0,1507741.0,1527474.0,1442376.0,1520986.0,1457695.0,1407559.0,1299716.0,1245421.0,1200441.0
13th Avenue,,Brooklyn,9,,,2141965.0,2154291.0,2146766.0,2078412.0,1846080.0,1595218.0,1525881.0,1362017.0,1185739.0,1152449.0
18th Avenue,,Brooklyn,9,,,1864919.0,1845855.0,1806961.0,1772177.0,1776265.0,1624122.0,1631718.0,1551955.0,1452602.0,1459825.0
20th Avenue,,Brooklyn,9,,,1100110.0,1113916.0,1071646.0,1048668.0,1024696.0,1011965.0,954588.0,858440.0,862415.0,823388.0
Avenue F,,Brooklyn,9,,,309231.0,308157.0,311436.0,300989.0,193826.0,183780.0,172432.0,164312.0,146264.0,129788.0
Avenue N,,Brooklyn,9,,,1254617.0,1278861.0,1366225.0,1310388.0,1327257.0,1245044.0,1284917.0,1170196.0,1079065.0,1040910.0
Avenue P,,Brooklyn,9,,,476330.0,490988.0,451006.0,481025.0,479990.0,1246191.0,1130070.0,957083.0,797908.0,684985.0
Kings Highway,,Brooklyn,9,,,855876.0,865326.0,981841.0,961037.0,990783.0,943260.0,931473.0,882506.0,816096.0,825323.0
Avenue U,,Brooklyn,9,,,658826.0,690845.0,636920.0,618912.0,617581.0,544076.0,563049.0,820564.0,475868.0,842900.0
Avenue X,,Brooklyn,9,,,574330.0,621304.0,484676.0,490706.0,490375.0,,,,409864.0,
Van Sicklen Avenue,,Brooklyn,9,,,256054.0,279578.0,308183.0,288803.0,271324.0,242326.0,285797.0,339906.0,203412.0,203468.0
14TH STREET-EASTERN LINE,,Brooklyn,9,,,44838714.0,49180028.0,41809783.0,38777837.0,39527482.0,39827338.0,40851825.0,40863538.0,38952031.0,
1st Avenue,,Brooklyn,9,,,,,,,,,3408210.0,4260769.0,4852031.0,4866194.0
6th Avenue,,Brooklyn,9,,,,,,,,,,2927267.0,2539873.0,2373761.0
2d Avenue,,Brooklyn,9,,,5642389.0,5294138.0,3739314.0,3177039.0,3047743.0,3039388.0,3102785.0,,,
1st Avenue,,Brooklyn,9,,,2908795.0,3332242.0,3329423.0,3188698.0,3215641.0,,4647831.0,4820978.0,4051128.0,3759484.0
1st Street,,Brooklyn,9,,,3524140.0,4076464.0,4188450.0,3951616.0,3926680.0,4062853.0,,,,
Bedford Avenue,,Brooklyn,9,,,5365198.0,6165802.0,4910205.0,4616407.0,4293958.0,4205420.0,4310544.0,4825501.0,3844068.0,3749627.0
Lorimer Street,,Brooklyn,9,,,3561272.0,3860903.0,2865667.0,2629483.0,3026758.0,,1980421.0,1909101.0,1763494.0,1716213.0
Graham Avenue,,Brooklyn,9,,,2989068.0,3010449.0,2695580.0,2482624.0,3186729.0,3199422.0,,,,
Grand Street,,Brooklyn,9,,,3326617.0,3110121.0,1849784.0,1680687.0,1269536.0,1860928.0,1899264.0,1944058.0,1891564.0,1900784.0
Montrose Avenue,,Brooklyn,9,,,3070428.0,2718046.0,2454908.0,2329016.0,2246437.0,,,,,
Morgan Avenue,,Brooklyn,9,,,1699084.0,1915885.0,1923619.0,1801845.0,1535882.0,1852711.0,3048734.0,3149486.0,3043712.0,3108042.0
Jefferson Street,,Brooklyn,9,,,1810080.0,2013502.0,1999956.0,1650610.0,1513646.0,1777010.0,1842603.0,1844656.0,1712953.0,1751699.0
De Kalb Avenue,,Brooklyn,9,,,2090413.0,2155519.0,2030440.0,1929219.0,1895110.0,1963624.0,,,,
Myrtle Avenue,,Brooklyn,9,,,4802615.0,4886787.0,4685065.0,4150996.0,4114735.0,4139624.0,4265878.0,4260856.0,4114787.0,4107850.0
Halsey Street,,Brooklyn,9,,,1815655.0,1863321.0,1774070.0,1631251.0,1651825.0,1667429.0,1748210.0,1723769.0,1704836.0,1679809.0
Wilson Avenue,,Brooklyn,9,,,1186735.0,1367344.0,1315246.0,1184900.0,1228484.0,1259649.0,1387638.0,1462043.0,1423448.0,1406668.0
Bushwick Avenue-Aberdeen Street,,Brooklyn,9,,,503763.0,524881.0,507659.0,479207.0,478224.0,472519.0,503872.0,488100.0,401655.0,384269.0
Broadway Junction,,Brooklyn,9,,,835525.0,806117.0,776657.0,861021.0,942392.0,929464.0,525416.0,821023.0,492090.0,190924.0
1st Avenue (Hoebe Avenue),,Brooklyn,9,,,471465.0,402497.0,560185.0,395894.0,392809.0,279367.0,,394373.0,370965.0,360840.0
36th Avenue (Washington Avenue),,Brooklyn,9,,,947123.0,975694.0,899840.0,836478.0,796819.0,704647.0,760062.0,763843.0,760074.0,752630.0
39th Avenue,,Brooklyn,9,,,1216845.0,1246196.0,1200066.0,1120958.0,1137488.0,1120148.0,1099580.0,1073943.0,1022738.0,950040.0
30th Avenue (Grand Avenue),,Brooklyn,9,,,1795460.0,1815164.0,1695796.0,1617267.0,1563675.0,1548483.0,1566409.0,1838396.0,1466565.0,1431522.0
25th Avenue (Astoria Avenue),,Brooklyn,9,,,1556517.0,1246313.0,1256827.0,1184999.0,1053985.0,968812.0,958718.0,947558.0,920321.0,876441.0
Ditmars Boulevard,,Brooklyn,9,,,2609558.0,2601158.0,2566050.0,2396460.0,2303460.0,2330800.0,2519600.0,2488320.0,2417020.0,2285160.0
FLUSHING LINE,,Queens,9,,,14470747.0,16126118.0,16070776.0,14643868.0,14449368.0,16815810.0,,14065437.0,13740281.0,13376881.0
53d Street (Rawson Street),,Queens,9,,,763711.0,660227.0,689524.0,637946.0,644760.0,573024.0,614792.0,691003.0,622600.0,
46th Street (Bliss Street),,Queens,9,,,1688162.0,1787004.0,1816850.0,1758733.0,1684108.0,1672760.0,1717420.0,1630681.0,1624949.0,1510171.0
52d Street (Lincoln Avenue),,Queens,9,,,599434.0,617881.0,644967.0,607819.0,608101.0,601550.0,,,,
61st Street (Woodside),,Queens,9,,,3124909.0,3174429.0,2881448.0,2744960.0,2753610.0,2899420.0,3248820.0,3393409.0,3063285.0,3025850.0
69th Street (Fisk Avenue),,Queens,9,,,614659.0,626519.0,561653.0,631370.0,630970.0,291168.0,359819.0,376776.0,378570.0,
"74th Street, Broadway",,Queens,9,,,3884453.0,3967817.0,,,,,,,,
82nd Street (Jackson Heights),,Queens,9,,,1340550.0,1344520.0,1347160.0,1304631.0,1221693.0,1167819.0,1197029.0,1141850.0,1049842.0,1003685.0
"90th Street, Elmhurst Avenue",,Queens,9,,,963768.0,1031836.0,1065272.0,1067114.0,1096807.0,1028915.0,1045837.0,981773.0,875075.0,
Junction Boulevard,,Queens,9,,,1509272.0,1583441.0,1464498.0,1263240.0,1236855.0,1293697.0,1363712.0,1364780.0,1348746.0,1231321.0
103th Street (Alburtis Avenue),,Queens,9,,,1390268.0,1494478.0,1398924.0,1348340.0,1373460.0,,400573.0,638705.0,793458.0,
111th Street,,Queens,9,,,370590.0,379415.0,374048.0,360708.0,305333.0,400212.0,,,,
"Main Street, Flushing",,Queens,9,,,2420577.0,2632463.0,2821392.0,2985347.0,3212335.0,3314046.0,3763181.0,3617496.0,3207256.0,3393700.0
Total,,Queens,9,,,437120450.0,424258369.0,399448069.0,372861447.0,370851984.0,365195696.0,370935854.0,361201725.0,340397825.0,337690028.0
Conductor Collections-Culver Line,,Queens,9,,,,,,,217623.0,948919.0,939289.0,812147.0,617258.0,907308.0
BRIGHTON BEACH LINE,,,10,,,85029278.0,84176156.0,88641687.0,85175860.0,81979928.0,81689681.0,85465981.0,88819774.0,88918411.0,88047867.0
Dean Street,,Brooklyn,10,,,414882.0,485824.0,486040.0,506991.0,517041.0,412815.0,1440153.0,1620298.0,1328151.0,1307098.0
Park Place,,Brooklyn,10,,,831482.0,818045.0,795103.0,808991.0,1286076.0,1377952.0,5334898.0,8273604.0,3149428.0,3224684.0
Botanic Garden (Eastern Parkway),,Brooklyn,10,,,972092.0,1210616.0,1261944.0,1302049.0,1286499.0,3284684.0,5334898.0,8273604.0,3149428.0,3224684.0
Prospect Park,,Brooklyn,10,,,4068418.0,4031394.0,3684212.0,4289296.0,1922326.0,1981244.0,3058629.0,4499084.0,2050018.0,2050527.0
Parkside Avenue,,Brooklyn,10,,,1434538.0,1360949.0,1624003.0,1865675.0,1955675.0,1025162.0,1064776.0,1007862.0,978543.0,968188.0
Church Avenue,,Brooklyn,10,,,6197500.0,6214243.0,6087017.0,6551379.0,1044768.0,1025162.0,1041778.0,1007862.0,978543.0,968188.0
Beverly Road,,Brooklyn,10,,,1223841.0,1188596.0,1250080.0,1351034.0,1635023.0,1639267.0,1698432.0,1749038.0,1815698.0,1853025.0
Cortelyou Road,,Brooklyn,10,,,1444203.0,1779427.0,1662805.0,1629806.0,,1450255.0,1589302.0,3460947.0,3419119.0,3436971.0
Newkirk Avenue,,Brooklyn,10,,,3379369.0,3332955.0,3088102.0,3064668.0,1178432.0,1160910.0,1195750.0,1187209.0,1433015.0,1600616.0
Avenue H,,Brooklyn,10,,,1905941.0,1955130.0,1930130.0,2150239.0,1901597.0,1842825.0,1838043.0,2069544.0,2315209.0,2460616.0
Avenue I,,Brooklyn,10,,,2860188.0,3722473.0,3492002.0,4431175.0,2006795.0,2038886.0,3095482.0,8081966.0,3058409.0,2026641.0
Avenue J,,Brooklyn,10,,,2969270.0,5068872.0,2975814.0,2101448.0,7201251.0,7129891.0,7440654.0,8058250.0,8231462.0,4341647.0
Avenue M,,Brooklyn,10,,,7307642.0,7172984.0,6891146.0,7185618.0,4882796.0,4800318.0,4838870.0,5034178.0,5386642.0,4000843.0
Kings Highway,,Brooklyn,10,,,4747023.0,4474845.0,4837331.0,6250825.0,3901673.0,2696771.0,2260101.0,1285593.0,1348803.0,1419468.0
Avenue U,,Brooklyn,10,,,1251940.0,1313335.0,1291509.0,1301020.0,3886130.0,3951454.0,4072253.0,5047177.0,8853410.0,6541771.0
Neck Road,,Brooklyn,10,,,5085879.0,4765294.0,4518520.0,5051928.0,6231073.0,8903863.0,5038861.0,9754882.0,,
Sheepshead Bay,,Brooklyn,10,,,5002811.0,6615002.0,8822882.0,6208063.0,3171302.0,2706858.0,2105743.0,3068767.0,5012434.0,1855860.0
Brighton Beach,,Brooklyn,10,,,1692263.0,2179429.0,2098040.0,2317170.0,6783103.0,8779547.0,8370783.0,8016781.0,,
Ocean Parkway,,Brooklyn,10,,,5694323.0,5156143.0,10824086.0,8717611.0,1957017.0,1033794.0,1044768.0,985975.0,1077443.0,1010190.0
FTH AVENUE - BAY RIDGE,,Brooklyn,10,,,14690838.0,,,,,,,,,
9th Street,,Brooklyn,10,,,1910838.0,1931761.0,1748850.0,1476518.0,1103076.0,1033794.0,1044768.0,985975.0,828597.0,764386.0
Atlantic Avenue,,Brooklyn,10,,,1906787.0,1873846.0,1525930.0,1318303.0,823874.0,291021.0,291410.0,267335.0,494911.0,469870.0
St. Marks Avenue,,Brooklyn,10,,,492736.0,480660.0,382797.0,373201.0,587620.0,565073.0,563348.0,507735.0,442190.0,431107.0
Union Street,,Brooklyn,10,,,883224.0,838965.0,753097.0,655776.0,490396.0,595932.0,558315.0,509708.0,442190.0,431107.0
2d Street,,Brooklyn,10,,,654697.0,833696.0,,,939959.0,688433.0,840042.0,760131.0,448530.0,403219.0
9th Street,,Brooklyn,10,,,1501528.0,1420382.0,1369763.0,1115412.0,661918.0,659761.0,472844.0,454122.0,417806.0,415188.0
16th Street,,Brooklyn,10,,,1002617.0,985780.0,879806.0,794622.0,441241.0,455134.0,,,179067.0,179800.0
20th Street,,Brooklyn,10,,,726801.0,701628.0,640589.0,566741.0,181919.0,175706.0,157119.0,,383670.0,358033.0
25th Street,,Brooklyn,10,,,905896.0,805948.0,640760.0,616423.0,433480.0,411877.0,461630.0,483683.0,,
36th Street,,Brooklyn,10,,,672427.0,636187.0,618610.0,480678.0,,,,,,
40th Street,,Brooklyn,10,,,878976.0,829402.0,737207.0,397201.0,196818.0,,,,,
45th Street,,Brooklyn,10,,,472574.0,465402.0,351697.0,,239105.0,,,,,
53d Street,,Brooklyn,10,,,414791.0,380235.0,325900.0,308279.0,163196.0,,,,,
58th Street,,Brooklyn,10,,,380595.0,361428.0,311260.0,264003.0,265809.0,,,,,
65th Street,,Brooklyn,10,,,507629.0,335420.0,305141.0,,,,,,,
Total,,Brooklyn,10,,,88566857.0,85831834.0,84307892.0,85118276.0,85197976.0,83864819.0,85889475.0,88456428.0,81339376.0,81825783.0
SEA BEACH LINE - 8th Avenue (also 7th Avenue),,Brooklyn,10,,,3012635.0,2873846.0,2806046.0,3475911.0,3538225.0,2516897.0,2533420.0,2560845.0,2363649.0,2283972.0
Ft. Hamilton Avenue (also 15th Avenue),,Brooklyn,10,,,1869144.0,1854846.0,1637259.0,,2059098.0,,2620244.0,1307420.0,1250995.0,1251622.0
New Utrecht Ave. (also 16th Ave.),,Brooklyn,10,,,1305242.0,1290294.0,1296473.0,1211810.0,,3656237.0,3641334.0,3004668.0,3431000.0,2016079.0
18th Avenue (also 17th Avenue),,Brooklyn,10,,,3925080.0,3187943.0,3137032.0,2766502.0,2156481.0,2170867.0,4254094.0,4148467.0,4021033.0,3962251.0
20th Avenue,,Brooklyn,10,,,2478728.0,3448360.0,3276040.0,2102115.0,3084869.0,3071717.0,3102082.0,3038044.0,2949447.0,
22d Avenue (also Avenue O),,Brooklyn,10,,,4330876.0,4352389.0,4275015.0,3027622.0,3050477.0,3071717.0,3102082.0,3038044.0,2949447.0,
Kings Highway (also Avenue R),,Brooklyn,10,,,3314491.0,3337884.0,3194025.0,3037622.0,2267176.0,2260657.0,,,,
Avenue U (also Avenue T),,Brooklyn,10,,,755270.0,2579784.0,2409154.0,2264147.0,846379.0,601482.0,746391.0,796578.0,762373.0,751872.0
Total,,Brooklyn,10,,,,760483.0,695142.0,,,,,,,
NET ISLAND TERMINALS - Stillwell Avenue (West End),,Brooklyn,10,,,17058828.0,17226843.0,15969082.0,15939697.0,14507063.0,14880628.0,18669896.0,19922933.0,,
Norton's Point,,Brooklyn,10,,,13557867.0,13273016.0,11883096.0,12491734.0,11360620.0,10941367.0,11997353.0,,2417952.0,2428922.0
West 8th Street (Culver),,Brooklyn,10,,,2559977.0,2495132.0,2397024.0,,1686617.0,1597353.0,1115267.0,2430071.0,,1035809.0
Total,,Brooklyn,10,,,276224672.0,269895787.0,253455925.0,239285323.0,233663334.0,229888952.0,233700556.0,223374621.0,205401158.0,201001024.0
Conductors' collections and miscellaneous adjustments,,Brooklyn,10,,,1088614.0,1074805.0,920416.0,848897.0,3201264.0,2197494.0,3330431.0,5100078.0,3605443.0,3451395.0
"Total, Company-Owned Lines",,Brooklyn,10,,,277313186.0,270970592.0,254376341.0,240134220.0,235864598.0,232086446.0,237030987.0,228474599.0,209006601.0,204453219.0
"Total, New York Rapid Transit Corporation",,Brooklyn,10,,,714433616.0,605228660.0,653624410.0,612905667.0,606434205.0,598231061.0,608904180.0,890488471.0,550221684.0,543050814.0
,"Broadway Line, Manhattan",,10,,,199805105.0,193228167.0,176628862.0,164129140.0,163168064.0,161462785.0,162957607.0,159487955.0,151839051.0,150181084.0
,"Canal Street, Broadway, Manhattan",,10,,,5038541.0,4938466.0,4814558.0,4628497.0,4320678.0,4161638.0,4632758.0,4637758.0,4271231.0,4283023.0
,Centre Street Loop,,10,,,34323914.0,31160376.0,28148063.0,25044348.0,9678721.0,9419067.0,9863522.0,9651393.0,8354510.0,7502958.0
,Nassau Street Line,,10,,,,492091.0,8469563.0,8828580.0,8010360.0,,,,789750.0,
,Montague Street Tunnel Connection (a),,10,,,10212047.0,9809280.0,9580005.0,9205861.0,4354990.0,4265221.0,4310969.0,4166157.0,3968936.0,3854616.0
,Flatbush Ave. Conn. (Brighton Beach Line)(b),,10,,,6111043.0,6103871.0,5809871.0,5741443.0,3623143.0,2850565.0,34369351.0,33678912.0,,
,Fourth Avenue (Brooklyn) Line,,10,,,41653726.0,64083006.0,59591179.0,64222500.0,51886258.0,49298066.0,40852918.0,40070372.0,36959342.0,35726483.0
,Fourteenth Street - Eastern Line,,10,,,44238714.0,43420098.0,41609783.0,33714043.0,27638665.0,27702180.0,27973891.0,27743470.0,26679926.0,26718089.0
,New Utrecht Avenue Branch,,10,,,62505343.0,62459339.0,59386437.0,56223393.0,,,,,,
,Culver Line,,10,,,13163841.0,13287124.0,13504064.0,12955786.0,12941784.0,11165438.0,11153749.0,11002870.0,2678007.0,3778837.0
,Queens Plaza,,10,,,4228581.0,2807619.0,2576885.0,1918025.0,1808707.0,7003879.0,6801246.0,7026278.0,6841861.0,6413538.0
,Astoria Branch,,10,,,6240810.0,6240810.0,,,,,,,13740921.0,
,Flushing Line,,10,,,14670747.0,15192118.0,16070775.0,14643262.0,14442368.0,14840332.0,15213810.0,14683437.0,,
,Total,,10,,,437120430.0,434258368.0,399448069.0,372861447.0,370369507.0,365195695.0,370833854.0,361201725.0,340227825.0,337600209.0
,Conductors' Collections - Culver Line,,10,,,,,,,817023.0,948919.0,939289.0,813147.0,817255.0,907390.0
,"Total, City-owned Lines",,10,,,437120430.0,434258368.0,399448069.0,372861447.0,370569507.0,366144515.0,371873143.0,362013872.0,341816083.0,338507595.0
,Brooklyn Bridge Stations,,10,,,12809180.0,11635021.0,9024255.0,7535126.0,7050860.0,6778593.0,6865263.0,6746127.0,4723644.0,4386030.0
,Fulton Street Line,,10,,,49027945.0,47817963.0,44529179.0,40512120.0,30549084.0,39004130.0,6370788.0,6016781.0,5223447.0,4907617.0
,Fifth Avenue - Bay Ridge Line,,10,,,12035323.0,10650483.0,49222010.0,66849792.0,46594961.0,40085838.0,47060125.0,44074023.0,37820195.0,13603888.0
,Lexington Avenue Line (Jamaica),,10,,,50019487.0,50419763.0,,,10657474.0,,,,,
,Myrtle Avenue Line,,10,,,20980017.0,20001631.0,18725392.0,16905808.0,,,17233895.0,16510789.0,14924882.0,14357662.0
,Broadway (Brooklyn Stations),,10,,,20761907.0,19538193.0,10785905.0,9942896.0,9726683.0,9382962.0,9609002.0,9297498.0,8186444.0,8364587.0
,Canarsie Line,,10,,,8863018.0,14888073.0,,,,,,,,
,Sea Beach Line,,10,,,63092273.0,54178135.0,62541627.0,32175886.0,33497076.0,23364510.0,23338475.0,22327028.0,22839372.0,21885733.0
,Brighton Beach Line,,10,,,25655387.0,25688470.0,37819299.0,47831382.0,23497076.0,,23338475.0,22327028.0,22839372.0,12785903.0
,Coney Island Terminals,,10,,,13750433.0,17512699.0,15514779.0,15939697.0,14507063.0,13680893.0,13669695.0,18992933.0,12987061.0,
,Total,,10,,,276234672.0,269895787.0,253455925.0,239285323.0,233663334.0,229888952.0,233700556.0,223374621.0,205401158.0,201001024.0
,Conductors' Collections: Myrtle Avenue Line,,10,,,110512.0,147421.0,120443.0,194017.0,194678.0,125405.0,120705.0,95170.0,112150.0,1146183.0
,Conductors' Collections: Fulton Street Line,,10,,,,,,,114073.0,1638020.0,1635020.0,1695400.0,1218813.0,
,Conductors' Collections: Fifth Avenue - Bay Ridge,,10,,,146339.0,138758.0,153605.0,180465.0,129368.0,146820.0,195746.0,174385.0,,131556.0
,Conductors' Collections: Canarsie Line,,10,,,370554.0,197053.0,171480.0,180331.0,130938.0,120994.0,140362.0,,135114.0,
,Total Conductors' Collections,,10,,,687632.0,615161.0,875582.0,700139.0,1902955.0,1234255.0,1985163.0,1378927.0,1565119.0,934885.0
,Miscellaneous Adjustments,,10,,,400982.0,459824.0,844834.0,148758.0,202509.0,363239.0,860239.0,62031035.0,,
,"Total, Conductors' Collections and Miscellaneous Adjustments",,10,,,1088614.0,1074805.0,920416.0,848897.0,3201264.0,2197494.0,3330431.0,8100078.0,3605443.0,3451395.0
,"Total, Company-owned Lines",,10,,,277313186.0,270970592.0,254376341.0,240134220.0,235864598.0,232086446.0,237030987.0,228474599.0,209006601.0,204453219.0
,"Grand Total, New York Rapid Transit Corporation",,10,,,714433616.0,605228660.0,653624410.0,612905667.0,606434205.0,598231061.0,608904180.0,890488471.0,550221684.0,543050814.0
,,,10,,,263244822.0,252794967.0,,327768615.0,321008920.0,316086079.0,321794830.0,312366562.0,293718485.0,173262.0
,,,10,,,,,349824554.0,,,,,,,85245300.0
,,,10,,,68473858.0,65245419.0,67234957.0,64660804.0,63621202.0,62418687.0,4269720.0,6912245.0,6422701.0,3458601.0
,,,10,,,1088614.0,1074805.0,920416.0,848897.0,,3146418.0,,,,
"207th Street (from Sept. 10, 1932)",,Manhattan,11,,,,,,1608428.0,2882434.0,2568681.0,2604081.0,2091835.0,2276935.0,2897598.0
"Dyckman Street (from Sept. 10, 1932)",,Manhattan,11,,,,,,1641356.0,3126505.0,3005986.0,2882285.0,2844089.0,2732026.0,3153789.0
"Overlook Terrace (from Sept. 10, 1932)",,Manhattan,11,,,,,,493332.0,797876.0,959683.0,1085569.0,1206947.0,1836482.0,1493267.0
"181st Street (from Sept. 10, 1932)",,Manhattan,11,,,,,,3807453.0,3295008.0,3562453.0,3769951.0,4028983.0,4854124.0,4584774.0
"175th Street (from Sept. 10, 1932)",,Manhattan,11,,,,,,3023467.0,4147788.0,4281898.0,3902096.0,3999071.0,3765905.0,4719406.0
"168th Street (from Sept. 10, 1932)",,Manhattan,11,,,,,,2629102.0,3341192.0,3651884.0,3814024.0,3942871.0,4018009.0,4061383.0
"163rd Street (from Sept. 10, 1932)",,Manhattan,11,,,,,,1369183.0,2645407.0,3991483.0,3197789.0,3384026.0,3602608.0,2625607.0
"155th Street (from Sept. 10, 1932)",,Manhattan,11,,,,,,2025484.0,3128114.0,3419994.0,3433291.0,2513280.0,2902796.0,3053780.0
"145th Street (from Sept. 10, 1932)",,Manhattan,11,,,,,,2656097.0,4469848.0,5100641.0,5640255.0,6003764.0,6876601.0,6669922.0
"135th Street (from Sept. 10, 1932)",,Manhattan,11,,,,,,1124753.0,1968680.0,2906502.0,2552866.0,2918610.0,3080253.0,2594776.0
"125th Street (from Sept. 10, 1932)",,Manhattan,11,,,,,,2022091.0,3631490.0,4110291.0,4355078.0,4607955.0,4946025.0,4777457.0
"116th Street (from Sept. 10, 1932)",,Manhattan,11,,,,,,1384890.0,2135924.0,2358464.0,2500208.0,2835649.0,3045059.0,2341900.0
"110th Street (from Sept. 10, 1932)",,Manhattan,11,,,,,,1142540.0,1897190.0,2183937.0,2809011.0,2407440.0,3097298.0,2697090.0
"103rd Street (from Sept. 10, 1932)",,Manhattan,11,,,,,,688551.0,1090005.0,1169005.0,1148057.0,1383948.0,1437052.0,1226659.0
"96th Street (from Sept. 10, 1932)",,Manhattan,11,,,,,,1220299.0,1928484.0,2290144.0,2463051.0,2674637.0,2817948.0,3065078.0
"86th Street (from Sept. 10, 1932)",,Manhattan,11,,,,,,1508235.0,3463527.0,3849478.0,3479433.0,3976836.0,4192846.0,3907485.0
"81st Street (from Sept. 10, 1932)",,Manhattan,11,,,,,,969056.0,1704928.0,2053602.0,3185017.0,3849038.0,3510768.0,2690842.0
"72nd Street (from Sept. 10, 1932)",,Manhattan,11,,,,,,999910.0,1799762.0,2053202.0,2217563.0,2395292.0,3565285.0,2729886.0
"59th Street (from Sept. 10, 1932)",,Manhattan,11,,,,,,3272297.0,6166851.0,7054441.0,7432636.0,7824039.0,8443789.0,9443800.0
"50th Street (from Sept. 10, 1932)",,Manhattan,11,,,,,,2005294.0,3854155.0,4469909.0,7198664.0,8386657.0,9321146.0,10105688.0
"42nd Street (from Sept. 10, 1932)",,Manhattan,11,,,,,,5885109.0,12741199.0,15513975.0,17897714.0,20690818.0,23663924.0,25283060.0
"34th Street (from Sept. 10, 1932)",,Manhattan,11,,,,,,5167390.0,12671360.0,15855942.0,16141841.0,21785543.0,24679685.0,24492183.0
"23rd Street (from Sept. 10, 1932)",,Manhattan,11,,,,,,1918256.0,4083791.0,5175042.0,5858749.0,6888181.0,7899310.0,8721977.0
"14th Street (from Sept. 10, 1932)",,Manhattan,11,,,,,,3765929.0,6234258.0,7664919.0,8655768.0,9092848.0,9847660.0,10532781.0
"4th Street (from Sept. 10, 1932)",,Manhattan,11,,,,,,1476022.0,3235845.0,4098171.0,4718351.0,5283985.0,5988126.0,7740362.0
"Spring Street (from Sept. 10, 1932)",,Manhattan,11,,,,,,703211.0,2370705.0,1618155.0,1718638.0,1628497.0,1706364.0,1711320.0
"Canal Street (from Sept. 10, 1932)",,Manhattan,11,,,,,,1190801.0,2790498.0,2231695.0,2595902.0,2936786.0,1875907.0,4638914.0
"Chambers Street (from Sept. 10, 1932)",,Manhattan,11,,,,,,6091201.0,8144808.0,8038207.0,8584856.0,6902862.0,10247520.0,10928800.0
"Cortlandt-Nassau Street (from February 1, 1933)",,Manhattan,11,,,,,,873417.0,2711093.0,8590706.0,6538667.0,8063245.0,9464539.0,9781045.0
"High Street (from February 24, 1933)",,Brooklyn,11,,,,,,3927.0,897331.0,1363376.0,1604711.0,1649298.0,1700390.0,1754878.0
"Jay Street-Borough Hall (from February 1, 1933)",,Brooklyn,11,,,,,,733742.0,3662046.0,4745441.0,5891093.0,4883898.0,6931069.0,4882469.0
"Court Street (from February 1, 1933)",,Brooklyn,11,,,,,,,,,19895.0,79725.0,112809.0,111510.0
"Hoyt-Schermerhorn Streets (from April 9, 1936)",,Brooklyn,11,,,,,,,,,163175.0,837530.0,1653679.0,2181312.0
"Lafayette Avenue (from April 9, 1936)",,Brooklyn,11,,,,,,,,,183641.0,1059036.0,1298844.0,2402329.0
"Clinton-Washington Avenues (from April 9, 1936)",,Brooklyn,11,,,,,,,,,178956.0,990510.0,1045006.0,1142327.0
"Franklin Avenue (from April 9, 1936)",,Brooklyn,11,,,,,,,,,348871.0,1441055.0,1672346.0,1744658.0
"Nostrand Avenue (from April 9, 1936)",,Brooklyn,11,,,,,,,,,217244.0,1109973.0,2356065.0,2499203.0
"Kingston-Throop Avenues (from April 9, 1936)",,Brooklyn,11,,,,,,,,,274990.0,1894895.0,2095790.0,2277946.0
"Utica Avenue (from April 9, 1936)",,Brooklyn,11,,,,,,,,,264203.0,1697869.0,2096234.0,2339161.0
"Ralph Avenue (from April 9, 1936)",,Brooklyn,11,,,,,,,,,302904.0,1719408.0,2112985.0,2552400.0
"Rockaway Avenue (from April 9, 1936)",,Brooklyn,11,,,,,,,,,451406.0,2599828.0,3939238.0,3199600.0
HOUSTON-ESSEX STREET LINE,,,11,,,,,,,,,4861405.0,13149141.0,14251877.0,15828888.0
"Broadway-Lafayette Street (from January 1, 1936)",,Manhattan,11,,,,,,,,,567335.0,1636054.0,1975180.0,2242894.0
"Second Avenue (from January 1, 1936)",,Manhattan,11,,,,,,,,,1153460.0,4073263.0,4674384.0,4198506.0
"Delancey Street (from January 1, 1936)",,Manhattan,11,,,,,,,,,2008763.0,4022497.0,3513912.0,5687954.0
"East Broadway (from January 1, 1936)",,Manhattan,11,,,,,,,,,1030838.0,2729469.0,3182601.0,3475048.0
"York Street (from April 9, 1936)",,Brooklyn,11,,,,,,,,,101149.0,685677.0,866700.0,1013926.0
BROOKLYN CROSSTOWN LINE,,Brooklyn,11,,,,,,,8310970.0,8489041.0,4016888.0,4087785.0,14188870.0,17605181.0
"Court Square (from August 19, 1933)",,Brooklyn,11,,,,,,,295809.0,458348.0,631493.0,659745.0,979047.0,1081453.0
"Van Alst Avenue-21st Street (from August 19, 1933)",,Brooklyn,11,,,,,,,610052.0,824552.0,826583.0,824328.0,936745.0,1029732.0
"Greenpoint Avenue (from August 19, 1933)",,Brooklyn,11,,,,,,,884998.0,1276933.0,1600587.0,1712503.0,2403567.0,2566943.0
"Nassau Avenue (from August 19, 1933)",,Brooklyn,11,,,,,,,919700.0,1397345.0,1635364.0,1833000.0,2404140.0,3773147.0
"Metropolitan Avenue (from July 1, 1937)",,Brooklyn,11,,,,,,,,,,,1102873.0,1471828.0
"Broadway (from July 1, 1937)",,Brooklyn,11,,,,,,,,,,,654889.0,
"Flushing Avenue (from July 1, 1937)",,Brooklyn,11,,,,,,,,,,,,1825117.0
"Myrtle-Willoughby Avenues (from July 1, 1937)",,Brooklyn,11,,,,,,,,,,,3641822.0,2076566.0
"Bedford-Nostrand Avenues (from July 1, 1937)",,Brooklyn,11,,,,,,,,,,,645507.0,1044068.0
"Classon Avenue (from July 1, 1937)",,Brooklyn,11,,,,,,,,,,,345697.0,1078443.0
"Clinton-Washington Avenues (from July 1, 1937)",,Brooklyn,11,,,,,,,,,,,735308.0,1064812.0
PROSPECT PARK-CONEY ISLAND LINE,,Brooklyn,11,,,,,,510815.0,7265012.0,11603416.0,21341615.0,14433474.0,10356858.0,17468195.0
"Bergen Street (from March 20, 1933)",,Brooklyn,11,,,,,,,1043117.0,1671968.0,1889798.0,3057083.0,2273049.0,2462754.0
"Smith-9th Streets (from October 7, 1933)",,Brooklyn,11,,,,,,,,412493.0,1208633.0,1826345.0,1582564.0,1768913.0
"Fourth Avenue (from October 7, 1933)",,Brooklyn,11,,,,,,,1078890.0,1659562.0,1869682.0,1683061.0,2016625.0,2076840.0
"Seventh Avenue (from October 7, 1933)",,Brooklyn,11,,,,,,,851663.0,1309233.0,1513718.0,,1519855.0,1556456.0
"15th Street-Prospect Park (from October 7, 1933)",,Brooklyn,11,,,,,,,976034.0,1627114.0,,1219668.0,1811985.0,1378448.0
"Fort Hamilton Parkway (from October 7, 1933)",,Brooklyn,11,,,,,,,1927550.0,3481268.0,4081577.0,4879098.0,5832777.0,5918653.0
"Church Avenue (from October 7, 1933)",,Brooklyn,11,,,,,,84767.0,,,,,,
BRONX CONCOURSE LINE,,Bronx,11,,,,,,1921507.0,,,,,,
"Bedford Park Boulevard (from July 1, 1933)",,Bronx,11,,,,,,,1363820.0,1783061.0,2063556.0,2300596.0,2477805.0,2666830.0
"Kingsbridge Road (from July 1, 1933)",,Bronx,11,,,,,,,2386452.0,3220944.0,4687283.0,5030802.0,5460013.0,5897341.0
"183rd Street (from July 1, 1933)",,Bronx,11,,,,,,,2228374.0,4343162.0,4847928.0,5160463.0,5495734.0,5831459.0
"182nd-183rd Streets (from July 1, 1933)",,Bronx,11,,,,,,,1823809.0,2290304.0,2661043.0,3063499.0,3822647.0,3448870.0
"Tremont Avenue (from July 1, 1933)",,Bronx,11,,,,,,,2166220.0,2773555.0,3068829.0,3904606.0,4476232.0,4412784.0
"174th-175th Streets (from July 1, 1933)",,Bronx,11,,,,,,,1679070.0,3172987.0,3502840.0,2817727.0,3039641.0,3223029.0
"170th Street (from July 1, 1933)",,Bronx,11,,,,,,,2068143.0,2773555.0,4181828.0,4657224.0,4677104.0,4617774.0
"161st Street (from July 1, 1933)",,Bronx,11,,,,,,,1939760.0,3614392.0,3035879.0,3440112.0,3696076.0,3836880.0
"155th Street-Eighth Avenue (from July 1, 1933)",,Bronx,11,,,,,,,872822.0,776005.0,725714.0,993619.0,1063101.0,
QUEENS BOULEVARD LINE,,Queens,11,,,,,,,,15248962.0,18448193.0,,84709961.0,43000056.0
Court Square,,Queens,11,,,,,,,869069.0,672614.0,658967.0,985373.0,1590618.0,1823250.0
"Fifth Avenue (from August 19, 1933)",,Queens,11,,,,,,,1879630.0,2322919.0,2811954.0,3837068.0,4038945.0,3823761.0
"Queens Plaza (from August 19, 1933)",,Manhattan,11,,,,,,,860893.0,1424748.0,1760820.0,3221613.0,3130977.0,3002057.0
"36th Street (from August 19, 1933)",,Manhattan,11,,,,,,,1169999.0,2068330.0,2485497.0,2866258.0,3215817.0,3496294.0
"46th Street (from August 19, 1933)",,Manhattan,11,,,,,,,1287761.0,2066330.0,1301027.0,1603956.0,1612049.0,1734940.0
"65th Street (from August 19, 1933)",,Manhattan,11,,,,,,,,,,1096920.0,980525.0,
"Roosevelt Avenue (from August 19, 1933)",,Manhattan,11,,,,,,,1647071.0,3080665.0,3850355.0,,1503104.0,1406840.0
"Elmhurst Avenue (from December 31, 1936)",,Manhattan,11,,,,,,,,,,509614.0,1765061.0,2119890.0
"Grand Avenue (from December 31, 1936)",,Manhattan,11,,,,,,,,,,,,3450009.0
"Woodhaven Boulevard (from December 31, 1936)",,Manhattan,11,,,,,,,,,,858650.0,657664.0,753960.0
"63rd Drive (from December 31, 1936)",,Manhattan,11,,,,,,,,,,66415.0,130292.0,816770.0
"67th Avenue (from December 31, 1936)",,Manhattan,11,,,,,,,,,,,2137499.0,3296089.0
"71st (Continental) Avenue (from December 31, 1936)",,Manhattan,11,,,,,,,,,,180285.0,540726.0,889180.0
"Union Turnpike (from December 31, 1936)",,Manhattan,11,,,,,,,,,,1400959.0,3876104.0,3615110.0
"Van Wyck Boulevard (from April 24, 1937)",,Manhattan,11,,,,,,,,,,61226.0,1189143.0,639540.0
"Briarwood (from April 24, 1937)",,Manhattan,11,,,,,,,,,,324041.0,2871328.0,3324370.0
"Parsons Boulevard (from April 24, 1937)",,Manhattan,11,,,,,,,,,,335843.0,3405624.0,3908756.0
"169th Street (from April 24, 1937)",,Manhattan,11,,,,,,,,,,,1136177.0,10961081.0
"WORLD'S FAIR STATION (from April 30, 1939)",,Manhattan,11,,,,,,,,,,,,1860850.0
,Eighth Avenue Line,,12,,,,,,85570935.0,117070061.0,140547975.0,150877183.0,188281053.0,200732149.0,210904941.0
,Houston and Essex Streets Line,,12,,,,,,,2310070.0,5420041.0,4261405.0,12149441.0,14284077.0,14734131.0
,Fulton Street Line,,12,,,,,,,7360726.0,,13214395.0,14865085.0,19607583.0,19507457.0
,Prospect Park and Coney Island Line,,12,,,,,,,24782308.0,31890246.0,38329046.0,40167149.0,48001611.0,65965658.0
,Bronx Concourse Line,,12,,,,,,110811.0,,,19146796.0,,,1565851.0
,World's Fair Station,,12,,,,,,,9535006.0,15561896.0,,,,
,"Total, City of New York—Independent System",,12,,,,,,89061500.0,161063165.0,202975574.0,226005648.0,299081019.0,349707428.0,382637490.0
,,,12,,,,,,38084306.0,117030783.0,140530587.0,160589615.0,188435994.0,211660895.0,225779121.0
,,,12,,,,,,997284.0,24178416.0,31120641.0,35022312.0,20173267.0,63163833.0,69870466.0
,,,12,,,,,,,13764649.0,,,,,
,,,12,,,,,,,6750322.0,10323830.0,12604486.0,21317089.0,43251200.0,64044549.0
,,,12,,,,,,89061900.0,161063168.0,202975574.0,226005648.0,299081019.0,349757428.0,382637490.0
